timestamp,numFrame,x,y,z,doppler,SNR,Range,Azimuth,Elevation
10:32:23.459032,1,-0.1385856752460091,-0.012116003597077603,1.7886798183940489,3.9662001059332397,4.999999888241291,1.7940814584786067,-175.003558033765,85.55278221220043
10:32:23.622975,1,0.14982515385884737,0.05359376467638986,1.8033044541950343,3.6878800984995905,5.119999885559082,1.810311250271805,19.682573085575722,84.9573256664483
10:32:24.282463,1,0.12657927414451872,0.014876883292995198,1.7814470961504691,4.313960115221562,5.759999871253967,1.7860003893287386,6.703230770822826,85.90784596125664
10:32:24.723177,1,0.12952930319960274,0.038588120272196554,1.7861259186647134,-0.4872000130126253,6.239999860525131,1.791232168296277,16.589338931061622,85.67271065439677
10:32:24.777659,1,0.13123072065443528,0.006157436127428827,1.7837834649769286,4.453120118938386,6.359999857842922,1.7886147897152822,2.6863873304991657,85.78778875898357
10:32:24.887819,1,-0.31647244451849843,0.5473848105023017,-0.054663126306519594,-0.06972000186215155,5.639999873936176,0.6346439917668466,120.03450433411112,-4.941119722817858
10:32:24.887819,2,-0.28172938146706816,0.517555546587075,-0.001561259460666431,-0.06972000186215155,5.639999873936176,0.589268721141693,118.56149350085286,-0.15180456601438608
10:32:24.887819,3,0.13644604803715635,0.08482563087477846,1.8045617887866687,-3.618160096637439,4.999999888241291,1.8116997988704429,31.86834530623451,84.91224973620088
10:32:24.945053,1,-1.597769802066231,2.797263404319985,2.140891249399854,-0.06972000186215155,7.239999838173389,3.867940826240684,119.73458999238534,33.60721157099247
10:32:24.945053,2,-1.5744332146655262,2.8830778581763563,2.1353632357017314,-0.06972000186215155,10.119999773800373,3.9180038325830355,118.63871498480131,33.02555572382702
10:32:24.945053,3,-1.615608245957515,2.995142805548782,2.2757421618629454,0.06972000186215155,5.119999885559082,4.093906791478915,118.34284154704403,33.77170625541047
10:32:24.945053,4,-1.5766154628370124,2.953907552008157,2.1338503763509666,-0.06972000186215155,8.879999801516533,3.970466417452835,118.09057661929523,32.50890324562609
10:32:24.999159,1,-1.6365518966471189,2.8379146207994457,2.2779201035583574,-0.06972000186215155,5.879999868571758,3.990110462576426,119.97093581989847,34.81241542035017
10:32:24.999159,2,-1.635408996227049,2.908135992508719,2.312064946528513,-0.06972000186215155,7.35999983549118,4.059244000159504,119.35150468491611,34.720955929043875
10:32:24.999159,3,-1.6701873636040647,2.942617075949351,2.456708971505917,-0.06972000186215155,6.7599998489022255,4.181380161608014,119.57862432318089,35.98230886570205
10:32:25.054480,1,-1.6687485047720285,3.0341740644175004,2.3194895513335023,0.06972000186215155,6.11999986320734,4.167849038066037,118.8101089942112,33.815442842328764
10:32:25.054480,2,-1.5588545292450307,3.025806782794369,2.267525773923264,0.06972000186215155,10.99999975413084,4.089890862304085,117.25690830471261,33.670917889914215
10:32:25.054480,3,-1.4484944299795879,3.021707123843911,1.9812380505823377,-0.06972000186215155,14.239999681711197,3.892833706831854,115.61133290971667,30.593578818125412
10:32:25.054480,4,-1.365612300857713,2.9209650211504816,1.9783753228574985,-0.06972000186215155,9.239999793469906,3.7829753540209645,115.05707322606736,31.531555233954194
10:32:25.054480,5,-1.4043229870189227,2.968816381324118,1.8473326117330626,-0.06972000186215155,14.359999679028988,3.768107155623454,115.31529795166779,29.3573300705166
10:32:25.109980,1,-1.5715695696871932,2.70950675844825,2.4269013063791194,0.06972000186215155,5.359999880194664,3.9624623326093853,120.11461370410929,37.76853465794392
10:32:25.109980,2,-1.5312642334045379,2.8105674490719825,2.391588686523335,0.06972000186215155,10.759999759495258,3.995466929383021,118.58260296573124,36.767944608232185
10:32:25.109980,3,-1.6452993603176125,3.029455019023826,2.456508161398877,0.06972000186215155,6.11999986320734,4.233088712083587,118.50641916649359,35.47242331511595
10:32:25.109980,4,-1.528499941845588,2.8990668795312162,2.2615344052158406,0.06972000186215155,12.759999714791775,3.981888836995804,117.7999284462361,34.60775722335624
10:32:25.109980,5,-1.5936205021641858,2.9914863942630734,2.4104717016875625,0.06972000186215155,9.63999978452921,4.1592055703722615,118.04505912561551,35.41896779101643
10:32:25.109980,6,-1.5299762839569737,2.9697528092974825,2.2625697791365185,0.06972000186215155,11.879999734461308,4.03478390787697,117.25690830471262,34.10879082133983
10:32:25.109980,7,2.784768533800301,3.5145478906607597,3.0935536617235604,0.06972000186215155,7.639999829232693,5.447665272440619,51.60828934917815,34.6016739968552
10:32:25.109980,8,2.822930511866138,3.562710636643707,3.108539528716089,0.06972000186215155,8.359999813139439,5.506801408882426,51.60828934917815,34.366949055375066
10:32:25.165088,1,-1.6440718384253168,2.6398672999350286,2.567125154319813,0.06972000186215155,6.5199998542666435,4.03261740425632,121.9140636711166,39.53803466398577
10:32:25.165088,2,-1.5773652058113221,2.779078497883483,2.431326961593565,0.06972000186215155,15.999999642372131,4.015309338528516,119.57862432318089,37.26585490667845
10:32:25.165088,3,-1.5235273935891833,2.898570659139851,2.294029767685774,0.06972000186215155,20.87999953329563,3.9981771046405044,117.72701435771462,35.0134645680699
10:32:25.165088,4,-1.587723750097915,2.9898241227429145,2.4440598814405234,0.06972000186215155,8.759999804198742,4.175325579595858,117.97020263424987,35.8282791868501
10:32:25.165088,5,-1.6192180879828153,3.0198894920656096,2.592796455821871,0.06972000186215155,5.759999871253967,4.296998164074714,118.19952180454447,37.113590175228325
10:32:25.165088,6,-1.5299762839569737,2.9697528092974825,2.2625697791365185,0.06972000186215155,15.359999656677246,4.03478390787697,117.25690830471262,34.10879082133983
10:32:25.165088,7,2.815746377828804,3.487499255891386,3.1008013215663786,0.06972000186215155,5.639999873936176,5.450325454495979,51.0831955372171,34.67497601969337
10:32:25.165088,8,2.854332870819308,3.535291332142091,3.11588650921432,0.06972000186215155,5.759999871253967,5.509469092286697,51.0831955372171,34.440572000111736
10:32:25.219507,1,-1.5888125399892368,3.0606951817673833,2.448137385020324,0.06972000186215155,6.6399998515844345,4.229131936799239,117.43390977855684,35.37143229822136
10:32:25.219507,2,-1.4057495801943432,2.8982608115674457,1.8538712088057723,-0.06972000186215155,5.639999873936176,3.7165691266170655,115.87487500138849,29.92146795047578
10:32:25.219507,3,-1.5014772915331709,3.0553683029512086,2.2596047884702024,0.06972000186215155,10.519999764859676,4.086015580458083,116.17054866818151,33.57371238533773
10:32:25.219507,4,-1.341815806703019,3.0661136579547006,1.8336285958992593,-0.06972000186215155,13.879999689757824,3.8162437619095977,113.6355114128413,28.71675272119164
10:32:25.219507,5,-1.1511896562784387,3.047599407720279,1.5570538241851883,-0.06972000186215155,11.519999742507935,3.610750114044059,110.69338305533212,25.545469434487035
10:32:25.219507,6,2.784768533800301,3.5145478906607597,3.0935536617235604,0.06972000186215155,8.51999980956316,5.447665272440619,51.60828934917815,34.6016739968552
10:32:25.219507,7,2.822930511866138,3.562710636643707,3.108539528716089,0.06972000186215155,8.51999980956316,5.506801408882426,51.60828934917815,34.366949055375066
10:32:25.274000,1,-1.3798180806114058,2.8420394892932412,2.1114276336794324,-0.06972000186215155,5.999999865889549,3.7998964520825376,115.89670214396357,33.75577196207739
10:32:25.274000,2,-1.365612300857713,2.9209650211504816,1.9783753228574985,-0.06972000186215155,19.879999555647373,3.7829753540209645,115.05707322606736,31.531555233954194
10:32:25.274000,3,-1.3751815601946595,2.9822404690238553,1.8437356382747936,-0.06972000186215155,27.119999393820763,3.7661975044370153,114.75554344150345,29.31089788539138
10:32:25.274000,4,-1.3141592702458198,3.075864802968542,1.7969157982433157,-0.06972000186215155,23.999999463558197,3.7969547350067456,113.13453361357568,28.245588124862717
10:32:25.274000,5,-1.3456699114988535,3.122675770917471,1.6914992886928037,-0.06972000186215155,12.11999972909689,3.7977758391770062,113.31289558855426,26.44842679782896
10:32:25.330248,1,-1.5935039528780734,3.090905545527364,1.9925528821601046,0.13916000371682458,9.119999796152115,4.007894575386732,117.27318702028131,29.812086846871505
10:32:25.330248,2,-1.475834708313282,3.0787417330898457,1.980883919486943,0.13916000371682458,16.119999639689922,3.947231922222606,115.61133290971667,30.121893041529432
10:32:25.330248,3,-1.4191864847803368,3.0355570742363978,1.9775269675594593,-0.13916000371682458,24.759999446570873,3.8909266167527137,115.05707322606736,30.54670942353259
10:32:25.330248,4,-1.3635053952194276,2.99157115636149,1.9743847123397045,0.06972000186215155,29.759999334812164,3.8349497961104064,114.50266221594754,30.986746312868558
10:32:25.330248,5,-1.283129570738002,2.8889959766498743,1.9720131561215524,-0.06972000186215155,6.7599998489022255,3.7257959064229396,113.94810172379442,31.957253394489737
10:32:25.330248,6,-1.3200100331454023,2.9377569970446245,1.8432882378030524,-0.06972000186215155,22.239999502897263,3.7108697348347137,114.19561378865318,29.78367832775969
10:32:25.330248,7,2.6901766845503357,3.5938797036214862,3.072296766506637,0.06972000186215155,13.639999695122242,5.439855635923424,53.18353430862421,34.386697719147726
10:32:25.330248,8,2.7011403711386754,3.5564504475913865,2.882316802690149,0.06972000186215155,7.35999983549118,5.315284493029335,52.78316346507393,32.838269362882635
10:32:25.330248,9,2.759282090339817,3.6166324660477867,3.0940912180728573,0.06972000186215155,11.639999739825726,5.5015514642959165,52.6584560177538,34.22217197553415
10:32:25.330248,10,2.7965836328915654,3.6655241579478717,3.108881764595562,0.06972000186215155,5.999999865889549,5.560763724030293,52.65845601775381,33.99182442176178
10:32:25.384130,1,-1.5769388600515675,3.095786558808665,1.8504111878085676,0.06972000186215155,5.359999880194664,3.936324700784762,116.99348796691743,28.039880024110445
10:32:25.384130,2,-1.5184407844393109,3.054290433644352,1.8491633301702577,-0.06972000186215155,11.239999748766422,3.8799172015065513,116.43427237631886,28.463489599104438
10:32:25.384130,3,-1.431339466048334,3.025930710612766,1.844395584189033,-0.06972000186215155,13.639999695122242,3.821882311567562,115.31529795166779,28.854583087978433
10:32:25.384130,4,-1.286943902636735,3.02081459732517,1.8333997317477215,-0.06972000186215155,14.6399996727705,3.7607047233622737,113.07523883426393,29.177376145738606
10:32:25.384130,5,-1.2038562533003894,2.9865208505386094,1.8302220026395095,-0.06972000186215155,9.759999781847,3.7038208985125194,111.95419364263964,29.61334063795679
10:32:25.384130,6,2.759282090339817,3.6166324660477867,3.0940912180728573,0.06972000186215155,6.6399998515844345,5.5015514642959165,52.6584560177538,34.22217197553415
10:32:25.438997,1,-1.72433260095555,2.909827438670865,2.4654949283347967,0.06972000186215155,9.759999781847,4.185580471476397,120.65052827649112,36.08926232614247
10:32:25.438997,2,-1.585678621133084,2.9396568913799426,2.270633956037997,0.06972000186215155,14.879999667406082,4.038779257507009,118.34284154704402,34.2086327019812
10:32:25.438997,3,-1.4497667962482421,2.9508069159170245,1.9853074576468672,-0.06972000186215155,13.879999689757824,3.8406419931979996,116.16543951944176,31.125925793578922
10:32:25.438997,4,-1.3200100331454023,2.9377569970446245,1.8432882378030524,-0.06972000186215155,5.639999873936176,3.7108697348347137,114.19561378865318,29.78367832775969
10:32:25.495484,1,-1.7310042492860942,3.0017027127458205,2.2939600517448677,-0.06972000186215155,10.359999768435955,4.155580297112961,119.97093581989847,33.50564812248719
10:32:25.495484,2,-1.7624883668324192,3.056298743394613,2.299306701140371,0.06972000186215155,5.759999871253967,4.2111920590260565,119.97093581989847,33.09295904372701
10:32:25.495484,3,-1.6304046600935678,2.9947406652090547,2.1743936992950177,0.20888000557897612,13.999999687075615,4.044091859372815,118.56487373439322,32.52528082483024
10:32:25.495484,4,-1.4776575269493908,3.007574777655828,1.9850248013305913,0.06972000186215155,15.119999662041664,3.894778719264966,116.16543951944176,30.641388282711638
10:32:25.495484,5,-1.2911623601056057,2.9503680961130803,1.8399091039919908,0.13916000371682458,19.239999569952488,3.7090480791798868,113.6355114128413,29.739649370425354
10:32:25.495484,6,-1.3053112548390828,3.0173508043917985,1.9674770764688247,0.13916000371682458,19.519999563694,3.831345637658358,113.39339368963269,30.89865875049314
10:32:25.495484,7,-1.2038562533003894,2.9865208505386094,1.8302220026395095,0.13916000371682458,21.239999525249004,3.7038208985125194,111.95419364263964,29.61334063795679
10:32:25.495484,8,-1.1514710290482972,2.939200320420497,1.830534789604962,0.06972000186215155,8.639999806880951,3.649060381831408,111.39342655819675,30.10892651509263
10:32:25.550818,1,-1.5585906193307628,2.922057174058913,1.060841435672158,0.06972000186215155,6.359999857842922,3.477500165172387,118.07493133388671,17.761691252050774
10:32:25.550818,2,-1.4312779592440736,2.962970679489154,0.9106878311117902,0.06972000186215155,12.11999972909689,3.414250162168173,115.78310020458983,15.4698601227539
10:32:25.550818,3,-1.2510846037554983,3.0435948790606724,0.6328661731507519,0.13916000371682458,20.359999544918537,3.351000159163959,112.34535351064453,10.886197864160154
10:32:25.550818,4,-1.1514710290482972,2.882910322063804,0.5970301969181779,0.06972000186215155,8.359999813139439,3.1612501501513175,111.7723957283203,10.886197864160154
10:32:25.550818,5,-1.174509555766306,2.9405913273213873,0.608975522329036,0.13916000371682458,22.359999500215054,3.2245001531555317,111.7723957283203,10.886197864160154
10:32:25.550818,6,-1.1975480824843145,2.9982723325789706,0.6209208477398939,0.13916000371682458,27.119999393820763,3.287750156159745,111.7723957283203,10.886197864160154
10:32:25.550818,7,0.13888547228835843,0.0993186554132105,-0.18669664259080943,1.7396400464640465,4.999999888241291,0.2530000120168552,35.569010679199245,-47.55549593291015
10:32:25.603940,1,-1.4608356082523462,3.08374530466607,2.116526355290817,0.06972000186215155,11.359999746084213,4.015371662876136,115.34790811672823,31.810124279931316
10:32:25.603940,2,-1.3304229381691939,3.0753988428307864,1.9668513978395654,0.06972000186215155,21.239999525249004,3.8854353241400306,113.39339368963269,30.41179645993514
10:32:25.603940,3,-1.2274704285279439,3.045102783798515,1.8268917317965725,0.06972000186215155,26.239999413490295,3.757242075846953,111.95419364263964,29.09322829779893
10:32:25.603940,4,-1.1450454082606507,3.009210254133091,1.8241423952696245,0.06972000186215155,18.11999959498644,3.7005365582275425,110.83250032486231,29.53400140183948
10:32:25.658691,1,-1.6361325789363503,3.065417341721386,2.138903218072363,0.06972000186215155,10.87999975681305,4.080272082969888,118.09057661929523,31.61480875353277
10:32:25.658691,2,-1.6611974309229685,3.1218866915583057,2.1765172343106864,-0.06972000186215155,7.759999826550484,4.152466819937924,118.01803682165733,31.61106764445901
10:32:25.658691,3,-1.5351112534233813,3.04965725959102,1.9886770806732377,0.06972000186215155,11.759999737143517,3.9511786206850164,116.71939140612325,30.21938775128089
10:32:25.658691,4,-1.2534280937169435,3.10066661860791,1.7902701717719212,0.3480400092958007,9.879999779164791,3.793452616522917,112.01076096958933,28.1600968788583
10:32:25.658691,5,-1.1451844200713654,3.0659365902026354,1.6871317238662877,0.3480400092958007,7.999999821186066,3.6820955969113003,110.48159670721644,27.270939246873688
10:32:25.713981,1,-1.6680205665856693,2.623870989024484,2.5714113529101703,-0.13916000371682458,6.5199998542666435,4.0347426093212455,122.44452122851739,39.592068549337995
10:32:25.713981,2,-1.6285012731291413,2.7481111740482405,2.4396246310069714,-0.06972000186215155,11.359999746084213,4.019440229898677,120.65052827649112,37.36974862257588
10:32:25.713981,3,-1.6097776751207267,2.853593318975115,2.2737190090438157,-0.06972000186215155,16.8799996227026,3.9880041531452415,119.4283454176362,34.75995959695047
10:32:25.713981,4,-1.5642486398012563,2.963497636891771,1.9968352356029935,0.5566400148672983,18.759999580681324,3.900838757130171,117.82682491333499,30.790400345202404
10:32:25.713981,5,-1.4583559450777452,3.0830450399014135,1.8414585566450032,0.5566400148672983,10.99999975413084,3.875943549181981,115.31529795166779,28.365823862144318
10:32:25.713981,6,0.11051687198253189,0.10635309358534256,1.7987935225382818,2.15712005761452,5.879999868571758,1.805320773777795,43.90008917786922,85.12632524044513
10:32:25.769084,1,-1.6680205665856693,2.623870989024484,2.5714113529101703,-0.27832000743364915,11.519999742507935,4.0347426093212455,122.44452122851739,39.592068549337995
10:32:25.769084,2,-1.7013941690646075,2.6763691590698135,2.5828440988402828,-0.27832000743364915,17.23999961465597,4.090082839388608,122.44452122851739,39.16009598843404
10:32:25.769084,3,-1.6604450490712777,2.8020165955891154,2.44824806344958,-0.27832000743364915,18.23999959230423,4.074591187239126,120.65052827649112,36.93132553124659
10:32:25.769084,4,-1.6407467080311928,2.908490977685533,2.278984837443792,-0.06972000186215155,16.99999962002039,4.042912491817261,119.4283454176362,34.311980948060985
10:32:25.769084,5,-1.6063740208866812,3.0096624468647715,2.136376797211665,-0.06972000186215155,13.239999704062939,4.025246745071917,118.09057661929523,32.0557585072386
10:32:25.769084,6,-1.6461215631023547,3.1221568104935455,2.2816600852461373,-0.13916000371682458,7.1199998408555984,4.202802885507144,117.7999284462361,32.88059814829802
10:32:25.769084,7,-1.5877327745330874,3.081860756291255,2.27248176871001,-0.13916000371682458,8.239999815821648,4.145230328174059,117.25690830471261,33.24471195844682
10:32:25.823890,1,-1.6440718384253168,2.6398672999350286,2.567125154319813,-0.3480400092958007,7.759999826550484,4.03261740425632,121.9140636711166,39.53803466398577
10:32:25.823890,2,-1.6285012731291413,2.7481111740482405,2.4396246310069714,-0.27832000743364915,12.359999723732471,4.019440229898677,120.65052827649112,37.36974862257588
10:32:25.823890,3,-1.5699971944710045,2.8837837364109458,2.1679323086643314,0.06972000186215155,13.879999689757824,3.9345940481815598,118.56487373439319,33.43513797334144
10:32:25.823890,4,-1.6047222879915377,2.9385427428329316,2.1379673645613266,0.06972000186215155,13.879999689757824,3.9725396819871026,118.63871498480131,32.560273516193874
10:32:25.823890,5,-1.6350113613175494,2.994007627489506,2.1405714934209223,-0.20888000557897612,10.519999764859676,4.027330399104236,118.63871498480134,32.10762220154994
10:32:25.823890,6,-1.5773089649826937,3.0964578375030607,2.130585942295001,0.06972000186215155,7.239999838173389,4.076193220144745,116.99390179070578,31.51287334490604
10:32:25.823890,7,-1.591988041461181,3.1626488809832036,1.9882575597550756,0.06972000186215155,6.9999998435378075,4.060780958444191,116.71939140612325,29.315899400626382
10:32:25.879198,1,-1.6213857702746957,2.6786641507933155,2.435165558192729,-0.41748001115047373,7.1199998408555984,3.9666314102274045,121.18636864807064,37.8729604673188
10:32:25.879198,2,-1.6285012731291413,2.7481111740482405,2.4396246310069714,-0.41748001115047373,11.639999739825726,4.019440229898677,120.65052827649112,37.36974862257588
10:32:25.879198,3,-1.614279118640445,2.835023211148666,2.4074891516324906,-0.3480400092958007,13.119999706745148,4.05453544760166,119.65744422271605,36.42548317877505
10:32:25.879198,4,-1.6453347506848548,2.889563616625102,2.4153284608381034,-0.3480400092958007,12.359999723732471,4.109807283811407,119.65744422271605,35.99387156057948
10:32:25.879198,5,-1.615608245957515,2.995142805548782,2.2757421618629454,-0.13916000371682458,12.23999972641468,4.093906791478915,118.34284154704403,33.77170625541047
10:32:25.879198,6,-1.6361325789363503,3.065417341721386,2.138903218072363,-0.13916000371682458,8.999999798834324,4.080272082969888,118.09057661929523,31.61480875353277
10:32:25.879198,7,-1.6224871663991483,3.14712402885004,1.9924174313467693,-0.13916000371682458,7.1199998408555984,4.06282924559102,117.27318702028131,29.366972398182867
10:32:25.934430,1,-1.634646964106731,2.571372818979154,2.559978606980058,-0.5566400148672983,6.9999998435378075,3.979638091540952,122.44452122851739,40.03602964825107
10:32:25.934430,2,-1.6599685627477676,2.733489037736089,2.412241784594662,-0.5566400148672983,12.11999972909689,4.005791853813513,121.26909504169379,37.0267986760754
10:32:25.934430,3,-1.6896067172097466,2.8057853254593823,2.286529122298109,-0.41748001115047373,13.999999687075615,3.9944233098810233,121.05579336072132,34.919875734029645
10:32:25.934430,4,-1.5956835759784942,2.6711619766546844,2.558739770965388,-0.5566400148672983,10.87999975681305,4.028456478068652,120.85301055845325,39.432319259533195
10:32:25.934430,5,-1.688068776027304,2.890830286471918,2.1507518787121653,-0.20888000557897612,12.11999972909689,3.978970919919564,120.28232548347152,32.71970375141266
10:32:25.934430,6,-1.6634852019820994,2.9780769799978857,2.1448400975512065,-0.20888000557897612,6.239999860525131,4.02944965970171,119.18671965109758,32.16038473865929
10:32:25.989460,1,-1.6131178506076267,2.6096047785180447,2.430602614611543,-0.6958000185841229,9.359999790787697,3.9140791216031454,121.72213552001548,38.38843985794632
10:32:25.989460,2,-1.6213857702746957,2.6786641507933155,2.435165558192729,-0.6263600167294499,11.879999734461308,3.9666314102274045,121.18636864807064,37.8729604673188
10:32:25.989460,3,-1.6538263080271272,2.732258617392818,2.4438723107607605,-0.6263600167294499,10.87999975681305,4.021553242311121,121.18636864807064,37.42292398764033
10:32:25.989460,4,-1.6405275277950395,2.819303571505968,2.4117012163800595,-0.6263600167294499,9.119999796152115,4.056612620752525,120.19474221264082,36.4777871059324
10:32:25.989460,5,-1.6407467080311928,2.908490977685533,2.278984837443792,-0.20888000557897612,5.999999865889549,4.042912491817261,119.4283454176362,34.311980948060985
10:32:25.989460,6,-1.5635496474422812,3.106153070287112,1.9884673202141565,-0.20888000557897612,6.6399998515844345,4.005855299387461,116.71939140612325,29.761463659169134
10:32:25.989460,7,-1.5123889031365678,3.1972736984787082,1.8355845015569434,0.06972000186215155,8.759999804198742,3.984877634215435,115.31529795166779,27.428258836616557
10:32:25.989460,8,-1.5074608297290102,3.2691033838831953,1.8287045062253382,0.06972000186215155,6.9999998435378075,4.037776028802575,114.75554344150345,26.92982997438787
10:32:25.989460,9,0.14977635152712562,0.030864148854358446,1.7984473892026012,4.383680117083713,5.239999882876873,1.8049372739491347,11.643850965472827,85.1397872372066
10:32:26.044482,1,-1.6350113613175494,2.994007627489506,2.1405714934209223,-0.13916000371682458,8.999999798834324,4.027330399104236,118.63871498480134,32.10762220154994
10:32:26.044482,2,-1.4990945365313963,2.843294396790634,2.2565029852082663,-0.06972000186215155,5.119999885559082,3.9272653562667643,117.7999284462361,35.06977645512876
10:32:26.044482,3,-1.5766154628370124,2.953907552008157,2.1338503763509666,-0.13916000371682458,9.999999776482582,3.970466417452835,118.09057661929523,32.50890324562609
10:32:26.044482,4,-1.6361325789363503,3.065417341721386,2.138903218072363,-0.13916000371682458,9.119999796152115,4.080272082969888,118.09057661929523,31.61480875353277
10:32:26.044482,5,-1.501098038668917,2.913698835800597,2.257613784349773,-0.06972000186215155,6.7599998489022255,3.9799191231390023,117.25690830471261,34.558763150522914
10:32:26.044482,6,-1.575808459970663,3.1681443789181025,2.1288434913262706,-0.13916000371682458,8.639999806880951,4.129441332522804,116.44536707284425,31.032767699536357
10:32:26.044482,7,-1.5263348526255847,3.264741180408229,1.9758302569633819,-0.13916000371682458,5.759999871253967,4.110004654708418,115.05707322606736,28.733531007955815
10:32:26.099197,1,-0.18149982294096142,0.07234318630476348,1.8392726415690135,-0.6958000185841229,5.119999885559082,1.8496214673161055,158.26849394722768,83.93620598012699
10:32:26.099197,2,-1.5358793427465578,2.7581181992225696,2.1654120777736026,-0.6263600167294499,9.519999787211418,3.8282046474719893,119.11158366057981,34.447225018349805
10:32:26.099197,3,-1.6350113613175494,2.994007627489506,2.1405714934209223,-0.13916000371682458,11.119999751448631,4.027330399104236,118.63871498480134,32.10762220154994
10:32:26.099197,4,-1.517098346737674,2.8423977622949272,2.1287975346295713,-0.06972000186215155,13.35999970138073,3.861682454088934,118.09057661929523,33.45361221051446
10:32:26.099197,5,-1.5642486398012563,2.963497636891771,1.9968352356029935,-0.06972000186215155,12.23999972641468,3.900838757130171,117.82682491333499,30.790400345202404
10:32:26.099197,6,-1.6232989092536163,3.0753694515938923,1.9967157659831123,-0.13916000371682458,10.759999759495258,4.00997137928769,117.82682491333499,29.863650235854177
10:32:26.099197,7,-1.6528240439797965,3.131305358944953,1.9966560311731718,-0.13916000371682458,9.999999776482582,4.064915236279265,117.82682491333499,29.418993805109928
10:32:26.099197,8,-1.5065543123148484,2.922250095559336,1.9929592346001104,-0.06972000186215155,13.999999687075615,3.844624562649632,117.27318702028131,31.223347153735755
10:32:26.099197,9,-1.6028294902597278,3.2240353585280053,1.8407804472237268,-0.06972000186215155,5.239999882876873,4.043753086275947,116.43427237631886,27.07882244261863
10:32:26.099197,10,0.1418020911978564,0.04354665208606278,1.7950491227036607,4.453120118938386,5.519999876618385,1.8011678147510775,17.071437793778102,85.27596768394694
10:32:26.155074,1,-1.591988041461181,3.1626488809832036,1.9882575597550756,-0.13916000371682458,8.119999818503857,4.060780958444191,116.71939140612325,29.315899400626382
10:32:26.155074,2,-1.3798180806114058,2.8420394892932412,2.1114276336794324,-0.6958000185841229,8.239999815821648,3.7998964520825376,115.89670214396357,33.75577196207739
10:32:26.155074,3,-1.5031749866469761,3.1357763423357805,1.9805297883915483,-0.06972000186215155,9.359999790787697,4.001890372354067,115.61133290971667,29.663061588326066
10:32:26.155074,4,-1.365612300857713,2.9209650211504816,1.9783753228574985,-0.06972000186215155,13.239999704062939,3.7829753540209645,115.05707322606736,31.531555233954194
10:32:26.155074,5,-1.3923993928190248,2.9782610476934392,1.977951145208479,-0.06972000186215155,11.639999739825726,3.8368093085482298,115.05707322606736,31.03220508583546
10:32:26.155074,6,-1.4191864847803368,3.0355570742363978,1.9775269675594593,-0.06972000186215155,8.359999813139439,3.8909266167527137,115.05707322606736,30.54670942353259
10:32:26.155074,7,-1.4459735767416488,3.092853100779356,1.97710278991044,-0.06972000186215155,7.879999823868275,3.945315618490764,115.05707322606736,30.074566445069426
10:32:26.209117,1,-1.50387078594232,2.6328715869471715,2.1326112395498704,-0.7655200204462744,8.239999815821648,3.706975968794365,119.73458999238534,35.12041666160064
10:32:26.209117,2,-1.4835659946874915,2.7166832042066313,2.1275508491229456,-0.8349600223009475,15.75999964773655,3.7560362495874906,118.63871498480131,34.50200816340906
10:32:26.209117,3,-1.487339788688005,2.7866428674383124,2.126271113768873,-0.7655200204462744,15.87999964505434,3.807701008076556,118.09057661929523,33.946141882796944
10:32:26.209117,4,-1.4899008435721859,2.8569205738816983,2.1249061589930665,-0.7655200204462744,12.11999972909689,3.8596665495444435,117.54230527996224,33.40416201556028
10:32:26.209117,5,-1.5065543123148484,2.922250095559336,1.9929592346001104,-0.7655200204462744,9.239999793469906,3.844624562649632,117.27318702028131,31.223347153735755
10:32:26.209117,6,-1.5355375258359234,2.9784685788820124,1.992823783786775,-0.5566400148672983,6.11999986320734,3.89878150219578,117.2731870202813,30.739804817000103
10:32:26.264470,1,-1.453396641018895,2.5384100081485843,0.8095299311486515,-0.6958000185841229,8.879999801516533,3.0350001441547647,119.79380468085937,15.4698601227539
10:32:26.264470,2,-1.457581230638336,2.6058077381638562,0.82633401209177,-0.6958000185841229,8.999999798834324,3.098000147147104,119.22084689853514,15.4698601227539
10:32:26.264470,3,-1.5642486398012563,2.863338004919593,0.763952700878716,-0.41748001115047373,8.999999798834324,3.3510001591639593,118.64788911621092,13.178028993457026
10:32:26.264470,4,-1.4485878852726985,2.7158232379413714,0.7206939646830322,-0.06972000186215155,5.879999868571758,3.1612501501513184,118.07493133388671,13.178028993457023
10:32:26.264470,5,-1.490893094790666,2.863738146213077,0.6209208477398939,-0.06972000186215155,9.359999790787697,3.287750156159745,117.50197355156249,10.886197864160154
10:32:26.264470,6,-1.4497960713666818,2.784798137646198,0.7351135434149267,-0.06972000186215155,7.519999831914902,3.2245001531555313,117.50197355156249,13.178028993457026
10:32:26.264470,7,-1.5351112534233813,2.948673295536837,0.7783722796106106,-0.41748001115047373,7.879999823868275,3.414250162168173,117.50197355156249,13.178028993457028
10:32:26.264470,8,-1.4727606687029606,3.0488464180475576,0.7927918583425052,-0.41748001115047373,5.239999882876873,3.477500165172387,115.78310020458983,13.178028993457028
10:32:26.322336,1,-1.645837628396101,2.8461098142890258,2.013360961477969,-0.3480400092958007,9.999999776482582,3.8552230720465848,120.03977390099301,31.482788013299746
10:32:26.322336,2,-1.4787076482435884,2.647276454358522,2.1287514669599217,-0.6263600167294499,11.239999748766422,3.7048929462076408,119.18671965109758,35.070112743525925
10:32:26.322336,3,-1.509402403380111,2.702228156705997,2.131424067427294,-0.6958000185841229,6.8799998462200165,3.7580980803370014,119.18671965109758,34.552071661844046
10:32:26.322336,4,-1.5905986758526893,2.877372429798494,2.004984168898922,-0.3480400092958007,11.519999742507935,3.850874934988686,118.93362225353324,31.376317755225323
10:32:26.322336,5,-1.4231075676928835,2.60597266368659,2.1223528844032,-0.6263600167294499,10.639999762177467,3.6497548464302527,118.63871498480131,35.5565083933478
10:32:26.322336,6,-1.5326751233280402,2.8369538979286486,2.00088603548002,-0.4872000130126253,8.759999804198742,3.7948577548598745,118.38030373881551,31.82067620155852
10:32:26.322336,7,-1.562739226770589,2.8926020089672555,2.0009034154595864,-0.4872000130126253,12.999999709427357,3.8487549611746887,118.38030373881551,31.324423563163574
10:32:26.322336,8,-1.5347235050750763,2.9075617295407103,1.996894970412934,-0.4872000130126253,13.879999689757824,3.8466714144803382,117.82682491333499,31.27343138571005
10:32:26.322336,9,-1.3279427102025838,2.5775965520267765,2.2278974045414994,-0.6958000185841229,8.239999815821648,3.656632695768507,117.25690830471262,37.537148959697355
10:32:26.322336,10,-1.4775710987937734,2.86603161223666,1.9930946854134457,-0.4872000130126253,8.879999801516533,3.790749263582838,117.2731870202813,31.720670263406962
10:32:26.322336,11,-1.5065543123148484,2.922250095559336,1.9929592346001104,-0.4872000130126253,14.119999684393406,3.844624562649632,117.27318702028131,31.223347153735755
10:32:26.322336,12,-1.5355375258359234,2.9784685788820124,1.992823783786775,-0.4872000130126253,15.999999642372131,3.89878150219578,117.2731870202813,30.739804817000103
10:32:26.322336,13,-1.2752206929261978,2.5339755244510003,2.2196100119356523,-0.6958000185841229,7.1199998408555984,3.6019284250618977,116.71378154158661,38.04122065953683
10:32:26.322336,14,-1.4497960713666818,2.880169827502744,1.989306362050481,-0.4872000130126253,8.51999980956316,3.7887500162853143,116.71939140612325,31.67202092511082
10:32:26.322336,15,-1.4782344653855815,2.936665638198836,1.9890966015913998,-0.4872000130126253,13.519999697804451,3.8426146691665597,116.71939140612325,31.174176707162417
10:32:26.322336,16,-1.5351112534233813,3.04965725959102,1.9886770806732377,-0.4872000130126253,12.639999717473984,3.9511786206850164,116.71939140612325,30.21938775128089
10:32:26.322336,17,-1.4057495801943432,2.8982608115674457,1.8538712088057723,-0.4872000130126253,7.759999826550484,3.7165691266170655,115.87487500138849,29.92146795047578
10:32:26.322336,18,-1.4211541516458936,2.9646725145979764,1.981592181677732,-0.4872000130126253,12.23999972641468,3.8387067895372473,115.61133290971667,31.078600066866777
10:32:26.322336,19,-1.4484944299795879,3.021707123843911,1.9812380505823377,-0.4872000130126253,14.879999667406082,3.892833706831854,115.61133290971667,30.593578818125412
10:32:26.322336,20,-1.3773065079895115,2.911702052035471,1.8502696392770925,-0.4872000130126253,6.9999998435378075,3.714630505825366,115.31529795166779,29.874593157960334
10:32:26.322336,21,-1.3923993928190248,2.9782610476934392,1.977951145208479,-0.4872000130126253,10.759999759495258,3.8368093085482298,115.05707322606736,31.03220508583546
10:32:26.322336,22,-1.4878980237819532,3.1408726065684287,2.118685040791921,-0.4872000130126253,6.8799998462200165,4.070349808301697,115.34790811672823,31.366916942802245
10:32:26.322336,23,-1.3635053952194276,2.99157115636149,1.9743847123397045,-0.4872000130126253,9.119999796152115,3.8349497961104064,114.50266221594754,30.986746312868558
10:32:26.375294,1,-1.4231075676928835,2.60597266368659,2.1223528844032,-0.5566400148672983,9.63999978452921,3.6497548464302527,118.63871498480131,35.5565083933478
10:32:26.375294,2,-1.3227783315447221,2.508879944942953,2.2263343521984247,-0.5566400148672983,5.519999876618385,3.6056602363949897,117.7999284462361,38.13055084887754
10:32:26.375294,3,-1.364567599474533,2.564430542229,2.1449976349622624,-0.5566400148672983,5.239999882876873,3.611005897730757,118.01803682165733,36.442563178997574
10:32:26.375294,4,-1.4279402953477567,2.6753534528035674,2.1212282579006816,-0.5566400148672983,10.759999759495258,3.7008294889959696,118.09057661929523,34.97202668495754
10:32:26.375294,5,-1.505198370348896,2.8516258221896496,1.9969547052228744,-0.41748001115047373,9.119999796152115,3.7927852639704698,117.82682491333499,31.77022394380697
10:32:26.375294,6,-1.5347235050750763,2.9075617295407103,1.996894970412934,-0.3480400092958007,12.879999712109566,3.8466714144803382,117.82682491333499,31.27343138571005
10:32:26.375294,7,-1.4051770448645247,2.7585410152651275,2.116335082452887,-0.5566400148672983,4.999999888241291,3.7500593650681084,116.99390179070578,34.35696421105342
10:32:26.375294,8,-1.5355375258359234,2.9784685788820124,1.992823783786775,-0.3480400092958007,12.879999712109566,3.89878150219578,117.2731870202813,30.739804817000103
10:32:26.375294,9,-1.2468724954646102,2.477645166162089,2.21472807423073,-0.5566400148672983,5.359999880194664,3.549427704875572,116.71378154158661,38.60645597460659
10:32:26.375294,10,-1.475834708313282,3.0787417330898457,1.980883919486943,-0.4872000130126253,7.239999838173389,3.947231922222606,115.61133290971667,30.121893041529432
10:32:26.430298,1,-1.3684231792484183,2.563843663090338,2.116175416179286,-0.5566400148672983,11.359999746084213,3.5950069149188577,118.09057661929523,36.06076567031419
10:32:26.430298,2,-1.3981817372980874,2.619598557946953,2.1187018370399837,-0.4872000130126253,11.759999737143517,3.647753589483294,118.09057661929523,35.508500124208915
10:32:26.430298,3,-1.27018621962647,2.4654886050330047,2.217985414968008,-0.4872000130126253,8.879999801516533,3.5512626480010434,117.25690830471261,38.65008202343281
10:32:26.430298,4,-1.2990644649145269,2.5215425785298904,2.2229414097547533,-0.5566400148672983,11.119999751448631,3.6037777360077694,117.25690830471262,38.08548041946323
10:32:26.430298,5,-1.3766017853982673,2.7024441514944035,2.113969327064077,-0.5566400148672983,7.519999831914902,3.6969045407307655,116.99390179070578,34.87733914387328
10:32:26.430298,6,-1.4497960713666818,2.880169827502744,1.989306362050481,-0.3480400092958007,7.1199998408555984,3.7887500162853143,116.71939140612325,31.67202092511082
10:32:26.430298,7,-1.4782344653855815,2.936665638198836,1.9890966015913998,-0.3480400092958007,10.87999975681305,3.8426146691665597,116.71939140612325,31.174176707162417
10:32:26.430298,8,-1.5066728594044814,2.993161448894928,1.9888868411323188,-0.3480400092958007,11.879999734461308,3.8967614029147533,116.71939140612325,30.69013219012051
10:32:26.430298,9,-1.475834708313282,3.0787417330898457,1.980883919486943,-0.3480400092958007,8.51999980956316,3.947231922222606,115.61133290971667,30.121893041529432
10:32:26.486603,1,-1.2372697250493718,2.408984927520495,2.239911465169578,-0.41748001115047373,5.119999885559082,3.514434253950812,117.1853157748673,39.594218890744266
10:32:26.486603,2,-1.2660540230206352,2.465028438937754,2.2454928537385808,-0.41748001115047373,6.6399998515844345,3.5667206436963452,117.1853157748673,39.018250755285585
10:32:26.486603,3,-1.2990644649145269,2.5215425785298904,2.2229414097547533,-0.4872000130126253,6.9999998435378075,3.6037777360077694,117.25690830471262,38.08548041946323
10:32:26.486603,4,-1.3279427102025838,2.5775965520267765,2.2278974045414994,-0.4872000130126253,8.759999804198742,3.656632695768507,117.25690830471262,37.537148959697355
10:32:26.486603,5,-1.3568209554906407,2.633650525523663,2.2328533993282447,-0.4872000130126253,9.239999793469906,3.709813000508422,117.25690830471262,37.00449057323828
10:32:26.486603,6,-1.3602652853109602,2.702966599317735,2.234255825050419,-0.4872000130126253,5.119999885559082,3.7614158471539834,116.71378154158661,36.44090021819867
10:32:26.486603,7,-1.4074253541894748,2.8989027546780726,2.1136570675521806,-0.3480400092958007,8.359999813139439,3.8538330928970925,115.89670214396357,33.2611379755189
10:32:26.486603,8,-1.435032627767544,2.955766020062904,2.1158865014249284,-0.27832000743364915,11.359999746084213,3.9080490138978736,115.89670214396357,32.78019296957056
10:32:26.486603,9,-1.3623465836935733,2.9225510342973307,2.0104151584769347,-0.27832000743364915,8.999999798834324,3.799876560048732,114.99257042488354,31.94289704850849
10:32:26.486603,10,-1.406710777193132,2.9694907008613525,2.112208984288609,-0.27832000743364915,12.639999717473984,3.906166538498182,115.34790811672823,32.733827372767124
10:32:26.486603,11,-1.3372741683172518,2.9340190688731274,1.9748775013122581,-0.27832000743364915,9.359999790787697,3.781125658180257,114.50266221594754,31.486579066955667
10:32:26.486603,12,-1.378248256719544,2.982941131927888,2.1086049521464805,-0.27832000743364915,13.519999697804451,3.9043207985402986,114.79898619765086,32.68837659999212
10:32:26.486603,13,-1.404763107981809,3.0403271943092856,2.110694302986193,-0.3480400092958007,13.879999689757824,3.9587850760885788,114.79898619765086,32.21969972643699
10:32:26.486603,14,-1.4312779592440736,3.0977132566906826,2.1127836538259057,-0.3480400092958007,6.239999860525131,4.013507043119398,114.79898619765086,31.763773338287145
10:32:26.486603,15,-1.3088023094803283,2.9467987431261435,1.9714531979166297,-0.27832000743364915,9.359999790787697,3.779313962793587,113.94810172379442,31.442534670613764
10:32:26.486603,16,-1.331283792499958,3.0061556426772063,2.0035784291740555,-0.27832000743364915,13.879999689757824,3.850144777281064,113.8862815181004,31.358443245508017
10:32:26.486603,17,-1.280199571508972,2.959302765952811,1.9681027550980836,-0.27832000743364915,8.879999801516533,3.7775405038321406,113.39339368963269,31.39942724227685
10:32:26.486603,18,-1.3053112548390828,3.0173508043917985,1.9674770764688247,-0.27832000743364915,13.35999970138073,3.831345637658358,113.39339368963269,30.89865875049314
10:32:26.486603,19,-1.2514688146530175,2.971529886961324,1.964826507898095,-0.27832000743364915,8.119999818503857,3.7758055126413,112.83854014763348,31.357261880121296
10:32:26.486603,20,-1.2760169314236187,3.029817765810852,1.9641365642245194,-0.27832000743364915,12.359999723732471,3.8296014604951405,112.83854014763348,30.85604039170789
10:32:26.486603,21,-1.3298324155751813,3.208155510646573,1.8203020179092684,-0.06972000186215155,5.999999865889549,3.920996744504011,112.51479867204445,27.661352276933943
10:32:26.486603,22,-1.2226129119640792,2.9834788834498243,1.9616247839386391,-0.27832000743364915,7.1199998408555984,3.774109215888513,112.28354322462879,31.31604358187081
10:32:26.486603,23,-1.24659500738406,3.0420011471738744,1.9608720370272172,-0.27832000743364915,10.99999975413084,3.8278961894802346,112.28354322462879,30.814379099616414
10:32:26.486603,24,-1.3310363291520269,3.2647102360083777,1.6730120509525683,-0.06972000186215155,6.9999998435378075,3.9024300067077307,112.18093239053343,25.38574217203641
10:32:26.486603,25,-1.217048424888161,3.053899730152937,1.9576838213269026,-0.27832000743364915,9.63999978452921,3.8262300472705557,111.72840513858173,30.773679834608686
10:32:26.540267,1,-0.18955228780435301,0.12678037023053507,2.1095704065561183,-2.0874000557523686,4.999999888241291,2.1218601820819867,146.22376527482234,83.83034235420695
10:32:26.540267,2,-1.29109152878542,2.3697411233259276,2.3301695585316535,-0.41748001115047373,9.63999978452921,3.5654285154509973,118.58260296573121,40.80944954156542
10:32:26.540267,3,-1.3211279569953247,2.4248716524479006,2.337850744583011,-0.41748001115047373,10.359999768435955,3.6181387084449086,118.58260296573124,40.2517545613439
10:32:26.540267,4,-1.3653505918627216,2.4825258826121908,2.2614026300306675,-0.41748001115047373,6.11999986320734,3.625059841112825,118.8101089942112,38.595990871688386
10:32:26.540267,5,-1.3684231792484183,2.563843663090338,2.116175416179286,-0.4872000130126253,5.119999885559082,3.5950069149188577,118.09057661929523,36.06076567031419
10:32:26.540267,6,-1.3981817372980874,2.619598557946953,2.1187018370399837,-0.4872000130126253,5.239999882876873,3.647753589483294,118.09057661929523,35.508500124208915
10:32:26.540267,7,-1.2700889580499857,2.893238587795379,2.0977088765825833,-0.41748001115047373,8.51999980956316,3.7926689834682463,113.70076397159113,33.57965070235593
10:32:26.540267,8,-1.3496479125749818,2.9961159682306735,2.105074765398737,-0.41748001115047373,13.119999706745148,3.902512030849281,114.24993768582067,32.64384582772508
10:32:26.540267,9,-1.3756125481069923,3.0537554891767886,2.1070962022207187,-0.41748001115047373,7.879999823868275,3.9569668782540695,114.24993768582067,32.174719878493256
10:32:26.540267,10,-1.2671887367841432,2.9635031828628806,2.0963474349893563,-0.41748001115047373,14.51999967545271,3.8448395256053884,113.1514665352269,33.04083716487902
10:32:26.595797,1,-1.4240858849026334,2.52442435350593,2.242144852194947,-0.3480400092958007,10.639999762177467,3.6644170699276373,119.4283454176362,37.724799366576974
10:32:26.595797,2,-1.4550549178130998,2.579322012216348,2.2474106805949234,-0.3480400092958007,5.119999885559082,3.7176527034955824,119.4283454176362,37.19460474471784
10:32:26.595797,3,-1.3463599214499873,2.4959888899429368,2.229788499975264,-0.3480400092958007,11.639999739825726,3.607575686167558,118.34284154704403,38.17642714747243
10:32:26.595797,4,-1.234883332616245,2.325394437414896,2.3453762949887413,-0.3480400092958007,6.11999986320734,3.5260723333233908,117.97020263424987,41.694036008966144
10:32:26.595797,5,-1.2689919426693652,2.382105479798705,2.3268565391998424,-0.3480400092958007,10.359999768435955,3.5635696178780982,118.04505912561551,40.76489458743012
10:32:26.595797,6,-1.289165298141619,2.452687574702172,2.248799578344407,-0.3480400092958007,10.87999975681305,3.5685743720137,117.72701435771462,39.062481210666306
10:32:26.595797,7,-1.3463244281298543,3.0669015445479846,2.1035737273003514,-0.27832000743364915,5.239999882876873,3.955186086130245,113.70076397159112,32.13067427404376
10:32:26.595797,8,-1.2550878881788612,2.901254727513823,1.968728433727343,-0.06972000186215155,4.999999888241291,3.7240322564044877,113.3933936896327,31.91462648666783
10:32:26.595797,9,-1.2514688146530175,2.971529886961324,1.964826507898095,-0.06972000186215155,8.879999801516533,3.7758055126413,112.83854014763348,31.357261880121296
10:32:26.595797,10,-1.2630486054138956,3.0339738724145393,2.094930770545535,-0.06972000186215155,8.879999801516533,3.8973098634199683,112.60204694551084,32.51582386454758
10:32:26.595797,11,-0.1293146923679913,0.00993273234489437,1.7827718774042705,-4.313960115221562,5.119999885559082,1.7874832910261316,175.60770422419552,85.83909605972299
10:32:26.649647,1,-1.3827487182250822,2.3641673283125844,2.4881019987682653,-0.13916000371682458,12.639999717473984,3.7002611705511286,120.32241263769693,42.25353969464016
10:32:26.649647,2,-1.2990210277661547,2.288678229533134,2.355214373239793,-0.20888000557897612,10.99999975413084,3.5316481156583066,119.57862432318089,41.82734472851224
10:32:26.649647,3,-1.335718999147973,2.325434688843615,2.4470017090598475,-0.13916000371682458,13.639999695122242,3.6303731352168027,119.87286158637468,42.37932453794693
10:32:26.649647,4,-1.3918431855588973,2.4522168075990014,2.380596383152145,-0.13916000371682458,10.119999773800373,3.6902349334608564,119.57862432318089,40.17369835261559
10:32:26.649647,5,-1.376289546274418,2.5514748041117765,2.234896705800213,-0.27832000743364915,8.639999806880951,3.6604589707846906,118.34284154704402,37.62935098009337
10:32:26.649647,6,-1.338825208896401,2.8636689946075236,1.978799500506518,-0.06972000186215155,5.999999865889549,3.729437023715215,115.05707322606736,32.045282292778715
10:32:26.649647,7,-1.3372741683172518,2.9340190688731274,1.9748775013122581,-0.06972000186215155,9.119999796152115,3.781125658180257,114.50266221594754,31.486579066955667
10:32:26.649647,8,-1.3344750482226544,3.0046015096024123,1.9708932397117072,-0.13916000371682458,8.51999980956316,3.8331284935643963,113.94810172379442,30.9422291125817
10:32:26.705359,1,-1.3889039786986939,2.2606979025648495,2.5931214006915564,0.13916000371682458,8.239999815821648,3.709998364882485,121.56529963545465,44.34321258029334
10:32:26.705359,2,-1.4042520232098603,2.3507070364739686,2.49170867309631,0.13916000371682458,9.759999781847,3.7022100734021817,120.85301055845325,42.30156861541367
10:32:26.705359,3,-1.436964877460285,2.4248917097102667,2.3879181210645326,-0.13916000371682458,13.999999687075615,3.6942009712229247,120.65052827649112,40.270451877139394
10:32:26.705359,4,-1.4689086534024214,2.4787971312511416,2.396541553507141,-0.13916000371682458,13.239999704062939,3.74773788672925,120.65052827649112,39.75182502160726
10:32:26.705359,5,-1.5008524293445575,2.532702552792017,2.4051649859497495,-0.13916000371682458,6.5199998542666435,3.801573206611615,120.65052827649112,39.24784672835895
10:32:26.705359,6,-1.3696047256216366,2.8487320901363806,1.9508992259346098,-0.5566400148672983,7.35999983549118,3.714444698144013,115.6771749241025,31.683029014242138
10:32:26.705359,7,-1.3938138733121996,2.907637905352041,1.9819463127731267,-0.5566400148672983,7.759999826550484,3.784862809771651,115.61133290971667,31.57745787638385
10:32:26.705359,8,-1.3923993928190248,2.9782610476934392,1.977951145208479,-0.13916000371682458,6.8799998462200165,3.8368093085482298,115.05707322606736,31.03220508583546
10:32:26.705359,9,-1.433773192722739,3.026618002763711,2.114367669789713,-0.20888000557897612,4.999999888241291,3.960640446427286,115.34790811672823,32.26560867308752
10:32:26.705359,10,-1.3053990085968095,3.2575339364533313,1.529555705048987,-0.06972000186215155,7.519999831914902,3.8282025251596306,111.83756990036551,23.55000714557538
10:32:26.705359,11,-1.3335235904669016,3.290188684311854,1.3793628361386696,-0.06972000186215155,7.639999829232693,3.8087095686631214,112.06286387545555,21.232917750314446
10:32:26.759675,1,-1.6186671444256315,2.2471214703693327,2.6525412665022903,0.13916000371682458,7.519999831914902,3.8347898765819535,125.7663063324899,43.76518366235936
10:32:26.759675,2,-1.6212374857147693,2.3531104621804433,2.5420638535149322,0.13916000371682458,6.8799998462200165,3.8246082763672664,124.56592336497249,41.65624112349958
10:32:26.759675,3,-1.516018527380927,2.239463609587787,2.6526984764691504,0.27832000743364915,8.639999806880951,3.7881814424723568,124.09627504112345,44.44758238020757
10:32:26.759675,4,-1.4224267381226297,2.2306269782850787,2.6265841707903896,0.27832000743364915,7.639999829232693,3.727993957589798,122.52485267792646,44.7937643836811
10:32:26.759675,5,-1.4485878852726985,2.809813128913984,1.9932301362267806,-0.06972000186215155,9.999999776482582,3.7371677854678738,117.27318702028131,32.23229354428554
10:32:26.759675,6,-1.4775710987937734,2.86603161223666,1.9930946854134457,-0.06972000186215155,9.239999793469906,3.790749263582838,117.2731870202813,31.720670263406962
10:32:26.759675,7,-1.5065543123148484,2.922250095559336,1.9929592346001104,-0.06972000186215155,7.35999983549118,3.844624562649632,117.27318702028131,31.223347153735755
10:32:26.759675,8,-1.392919283328882,2.7671782061105605,1.989725882968643,-0.06972000186215155,7.639999829232693,3.6819164090997574,116.71939140612325,32.71121035698418
10:32:26.759675,9,-1.4990301196046008,3.176243433968949,1.5513374295419975,-0.06972000186215155,4.999999888241291,3.83956527117467,115.2649975759097,23.830974056296387
10:32:26.759675,10,-1.4933220392283408,3.247563489646518,1.5394156952943574,-0.20888000557897612,5.879999868571758,3.891847892075019,114.6943165339032,23.30020461221931
10:32:26.759675,11,0.14469193583305218,0.013348796009350093,1.7928887752184504,-4.244520113366889,5.119999885559082,1.798767385448805,5.2709972142433825,85.36653582353256
10:32:26.815576,1,-1.4659058477222904,2.2406439821416857,2.7550889524560596,0.3480400092958007,8.51999980956316,3.841858995986134,123.19408244546862,45.81753295001489
10:32:26.815576,2,-1.4132655081410017,2.2034464326768255,2.7342388483914575,0.3480400092958007,7.639999829232693,3.785308132534301,122.6756512619397,46.247125385120675
10:32:26.815576,3,-1.4466124369022504,2.3627682517044817,2.648141171091107,0.06972000186215155,7.519999831914902,3.832494359538015,121.47718557663677,43.70699450267704
10:32:26.815576,4,-1.420025707737017,2.460584941734936,2.623234937620257,-0.13916000371682458,8.879999801516533,3.866822054876367,119.98963100782366,42.71839379891438
10:32:26.815576,5,-1.3837272043027842,2.580692048323788,2.5065831394934994,-0.06972000186215155,9.119999796152115,3.8545598269325536,118.19952180454447,40.563498172689656
10:32:26.815576,6,-1.647657135512898,3.1207303887153044,1.7115913347611036,0.13916000371682458,5.359999880194664,3.922152099611518,117.83278317543521,25.87382964144102
10:32:26.815576,7,-1.4213576773477818,2.823674016806652,1.9895161225095621,-0.13916000371682458,7.999999821186066,3.7351796478710333,116.71939140612325,32.18418501892106
10:32:26.815576,8,-1.4497960713666818,2.880169827502744,1.989306362050481,-0.13916000371682458,6.8799998462200165,3.7887500162853143,116.71939140612325,31.67202092511082
10:32:26.815576,9,-1.4782344653855815,2.936665638198836,1.9890966015913998,-0.13916000371682458,5.759999871253967,3.8426146691665597,116.71939140612325,31.174176707162417
10:32:26.815576,10,-1.3391333166448116,2.7935686868601715,1.9826545749639157,-0.13916000371682458,8.759999804198742,3.678073301550574,115.61133290971667,32.618791170677945
10:32:26.815576,11,-1.5711959953544465,3.239364851880625,1.8366729218595141,0.06972000186215155,5.519999876618385,4.041721034572945,115.87487500138849,27.028164083308504
10:32:26.815576,12,-1.2985680811439908,2.741207292864179,2.1035827746379527,-0.7655200204462744,8.359999813139439,3.691281210307778,115.34790811672823,34.74177204944715
10:32:26.870341,1,-1.4659058477222904,2.2406439821416857,2.7550889524560596,0.41748001115047373,7.519999831914902,3.841858995986134,123.19408244546862,45.81753295001489
10:32:26.870341,2,-1.4535279247420538,2.365885317617522,2.6207185895421246,0.27832000743364915,15.359999656677246,3.8181569755177387,121.56529963545465,43.34448091126398
10:32:26.870341,3,-1.3773219848778124,2.5125725138371875,2.499336125550098,0.13916000371682458,19.879999555647373,3.802199042106772,118.7303211230155,41.097292356155805
10:32:26.870341,4,-1.4338656982175528,2.8148604856381163,2.118710225759906,-0.6263600167294499,5.119999885559082,3.8037275684348573,116.99390179070578,33.849196717253854
10:32:26.870341,5,-1.331917087849373,2.6466362410288236,2.229373887345497,-1.669920044601895,23.879999466240406,3.7079366837650167,116.71378154158661,36.95902923736853
10:32:26.870341,6,-1.3507247549279,2.7156162366776644,2.1104398774765887,-0.6263600167294499,17.11999961733818,3.6949946393636073,116.44536707284425,34.831283064758615
10:32:26.870341,7,-1.378762863514542,2.7719865242923905,2.1127323691672064,-0.6263600167294499,9.239999793469906,3.748137455909575,116.44536707284425,34.31034974644905
10:32:26.870341,8,-1.4529651204639935,3.333271100853796,1.5236388271614736,0.20888000557897612,4.999999888241291,3.9424965629288775,113.55227514834145,22.734749236733116
10:32:26.870341,9,-1.3949813456594764,3.289414930120434,1.5282016356172923,0.20888000557897612,5.359999880194664,3.8860807732650784,112.98092203689568,23.156881612429487
10:32:26.924707,1,-1.5730490108599855,2.5085809061453848,2.6661565294843736,0.20888000557897612,15.359999656677246,3.984451278778163,122.09047912297622,42.0007397408758
10:32:26.924707,2,-1.5181518707854138,2.471072732670195,2.6483157783926927,0.20888000557897612,21.639999516308308,3.927411617719626,121.56529963545465,42.40104207216399
10:32:26.924707,3,-1.535087873096971,2.6875242755724345,2.1353639605026355,-0.3480400092958007,8.759999804198742,3.7601942441493663,119.73458999238534,34.60298370732774
10:32:26.924707,4,-1.420025707737017,2.460584941734936,2.623234937620257,0.20888000557897612,24.879999443888664,3.866822054876367,119.98963100782366,42.71839379891438
10:32:26.924707,5,-1.347369908019115,2.4579325923999513,2.4884772601758347,0.20888000557897612,22.11999950557947,3.74824724000827,118.7303211230155,41.5983170026617
10:32:26.924707,6,-1.2937094450530569,2.4361692053806223,2.3618289785948705,0.20888000557897612,7.879999823868275,3.631368977341029,117.97020263424986,40.57148852225049
10:32:26.924707,7,-1.487339788688005,2.7866428674383124,2.126271113768873,-0.41748001115047373,5.639999873936176,3.807701008076556,118.09057661929523,33.946141882796944
10:32:26.924707,8,-1.4625543515705808,2.871179956011105,2.1210853690669254,-0.41748001115047373,5.639999873936176,3.857686186558952,116.99390179070578,33.355595946768545
10:32:26.980211,1,-1.5012844656632267,2.14800971941859,1.1079925676500821,0.41748001115047373,14.6399996727705,2.8452501351421238,124.95042472177732,22.91831129296874
10:32:26.980211,2,-1.5289767673765773,2.1416970481127175,1.2388449671065407,0.06972000186215155,16.759999625384808,2.908500138146337,125.52338250410155,25.210142422265616
10:32:26.980211,3,-1.5181518707854138,2.21907650043635,1.2657856389887785,0.06972000186215155,17.359999611973763,2.971750141150551,124.37746693945311,25.210142422265612
10:32:26.980211,4,-1.3164302966255563,2.299193314250187,0.8486731485377265,0.41748001115047373,7.239999838173389,2.7820001321379095,119.79380468085937,17.761691252050774
10:32:26.980211,5,-1.4113616699266816,2.4649944047948376,1.0691523259158895,-0.27832000743364915,15.119999662041664,3.035000144154765,119.79380468085937,20.62648016367186
10:32:26.980211,6,-1.457581230638336,2.6058077381638562,0.82633401209177,-0.27832000743364915,10.99999975413084,3.098000147147104,119.22084689853514,15.4698601227539
10:32:26.980211,7,-1.487339788688005,2.659008945213199,0.843204775895774,-0.3480400092958007,7.879999823868275,3.161250150151318,119.22084689853514,15.469860122753897
10:32:26.980211,8,-1.505198370348896,2.7552472088520523,0.7351135434149267,-0.27832000743364915,7.1199998408555984,3.2245001531555317,118.64788911621092,13.178028993457024
10:32:27.033970,1,-1.584953230369312,2.3412940001747233,2.6823772533467016,0.3480400092958007,27.119999393820763,3.897291632272862,124.09627504112345,43.493083656744
10:32:27.033970,2,-1.5373272323419256,2.3080987290470327,2.636202459282937,0.3480400092958007,20.87999953329563,3.826259030522897,123.665910460829,43.54914250924315
10:32:27.033970,3,-1.598037530044427,2.4077484540413714,2.6930529099998153,0.3480400092958007,25.359999433159828,3.950127914565246,123.57247545698611,42.98160089657063
10:32:27.033970,4,-1.5504638438070937,2.523666440196531,2.662114372817977,0.3480400092958007,17.359999611973763,3.982421796632214,121.56529963545465,41.948795625849705
10:32:27.033970,5,-1.467059827798337,2.6762763100799747,2.5318698012563874,-0.13916000371682458,9.63999978452921,3.9654866179006367,118.7303211230155,39.678305482235814
10:32:27.089697,1,-1.564025290194066,2.3565025249699096,2.678302141409763,0.20888000557897612,13.119999706745148,3.8951998176263456,123.57247545698611,43.43967236813761
10:32:27.089697,2,-1.598037530044427,2.4077484540413714,2.6930529099998153,0.20888000557897612,9.359999790787697,3.950127914565246,123.57247545698611,42.98160089657063
10:32:27.089697,3,-1.4957267139000194,2.3373967563916023,2.6283520765161343,0.20888000557897612,7.879999823868275,3.822153403199669,122.61563958473296,43.44536969774503
10:32:27.089697,4,-1.5954768743296928,2.493277974043937,2.670256937782785,0.20888000557897612,6.11999986320734,3.986508952222556,122.61563958473296,42.05343536699579
10:32:27.089697,5,-1.1866762852233323,2.444221387589087,2.0958304085617896,-0.5566400148672983,6.6399998515844345,3.431460898642391,115.89670214396357,37.64513731123978
10:32:27.089697,6,-1.1091311724367414,2.3413161795476665,2.088471976130225,-0.5566400148672983,7.639999829232693,3.327709212861585,115.34790811672823,38.87331303971666
10:32:27.089697,7,-1.1361935879663485,2.398443481450026,2.090630661631329,-0.5566400148672983,9.239999793469906,3.3784913151285463,115.34790811672823,38.228993841205934
10:32:27.089697,8,0.15975042292447322,0.009901305446765249,1.8040643661647258,-3.9662001059332397,5.359999880194664,1.8111505930594043,3.5466463348464323,84.9299811060073
10:32:27.145033,1,-1.5217023146040163,2.3863093577350445,2.6703154246414154,0.13916000371682458,22.359999500215054,3.89109685720658,122.52485267792646,43.33500841823742
10:32:27.145033,2,-1.5622268208531351,2.441317568159825,2.6562886506939014,0.13916000371682458,19.759999558329582,3.9314696366885404,122.61563958473296,42.50447265238391
10:32:27.145033,3,-1.5954768743296928,2.493277974043937,2.670256937782785,0.13916000371682458,16.639999628067017,3.986508952222556,122.61563958473296,42.05343536699579
10:32:27.145033,4,-1.4790229653473785,2.3059700092225244,2.768402053659143,0.20888000557897612,9.119999796152115,3.894747301964897,122.6756512619397,45.30037061498433
10:32:27.145033,5,-1.563757285371728,2.6177176128671293,2.547560556884388,-0.13916000371682458,13.119999706745148,3.973392396839385,120.85301055845325,39.87800185999566
10:32:27.145033,6,-1.542804144829233,2.743463117373378,2.2943943038535544,-0.13916000371682458,6.359999857842922,3.8950070253140687,119.35150468491611,36.090357967208206
10:32:27.145033,7,-1.5854866042131257,3.274564894607286,1.5393691077159208,-0.06972000186215155,5.519999876618385,3.9504683609571924,115.8354475541078,22.933811513725093
10:32:27.145033,8,-0.042615658887461785,0.23170494400226918,2.092226518003347,0.974120026017772,5.119999885559082,2.105448901800734,100.42149104951054,83.5753761944424
10:32:27.145033,9,-0.14954335782422232,0.001974350479624652,1.795936548712492,-4.383680117083713,5.119999885559082,1.8021529349448946,179.2435947710763,85.23968467771819
10:32:27.199432,1,-1.622263062121439,2.08561109359322,1.0554322598270043,0.20888000557897612,5.359999880194664,2.8452501351421233,127.87705648481068,21.773930251980108
10:32:27.199432,2,-1.5973737980049176,2.2500272887536243,0.9193188798826127,0.20888000557897612,8.999999798834324,2.908500138146337,125.37228714313724,18.426027961591274
10:32:27.199432,3,-1.598037530044427,2.4077484540413714,0.6930529099998153,0.20888000557897612,11.639999739825726,2.971750141150551,123.57247545698611,13.486351134933416
10:32:27.199432,4,-1.6014052731000414,2.5190821515822246,0.5485910497690367,-0.13916000371682458,12.359999723732471,3.0350001441547643,122.44452122851739,10.41373179646973
10:32:27.199432,5,-1.515483767282827,2.670052779172904,0.41440562165199724,-0.13916000371682458,11.999999731779099,3.0980001471471037,119.57862432318089,7.687242348396498
10:32:27.199432,6,-1.416849632022825,2.8154046662580536,0.24400040426380132,-0.13916000371682458,8.879999801516533,3.161250150151319,116.71378154158661,4.4267651056600075
10:32:27.199432,7,0.14724998218421345,0.0864338618401217,-0.18669664259080943,4.453120118938386,5.119999885559082,0.2530000120168552,30.412390638281277,-47.55549593291015
10:32:27.256586,1,-1.4456235251465317,2.2553736245360834,1.132623278450141,0.06972000186215155,11.639999739825726,2.908500138146337,122.65859359248046,22.918311292968745
10:32:27.256586,2,-1.4770609286072565,2.304420343378067,1.1572539892502,0.20888000557897612,12.519999720156193,2.9717501411505514,122.65859359248046,22.91831129296874
10:32:27.256586,3,-1.48466534335164,2.4215507422432103,1.0691523259158895,-0.13916000371682458,9.759999781847,3.0350001441547643,121.51267802783202,20.626480163671864
10:32:27.256586,4,-1.4406584690058846,2.516162328189261,1.091345603191903,-0.13916000371682458,10.119999773800373,3.0980001471471046,119.79380468085937,20.626480163671864
10:32:27.256586,5,-1.390216032176682,2.670355571926737,0.9643666394014694,-0.13916000371682458,7.239999838173389,3.1612501501513184,117.50197355156249,17.761691252050774
10:32:27.309280,1,-1.5925300522683048,2.344126610133989,2.654439853524607,0.06972000186215155,16.119999639689922,3.8829283366675327,124.19102461668942,43.127020405541494
10:32:27.309280,2,-1.6271621739138162,2.395103405076734,2.668671698370896,0.06972000186215155,12.759999714791775,3.9377640476432694,124.19102461668939,42.66514296961946
10:32:27.309280,3,-1.639851735403829,2.4620260583982936,2.6786308633419607,0.06972000186215155,10.359999768435955,3.9907078730956096,123.665910460829,42.161061071145724
10:32:27.309280,4,-1.4957267139000194,2.3373967563916023,2.6283520765161343,0.06972000186215155,7.239999838173389,3.822153403199669,122.61563958473296,43.44536969774503
10:32:27.309280,5,-1.3461144740733204,2.2642372301890212,2.335985874688137,1.1830000315967482,5.239999882876873,3.520742026707757,120.7319589794047,41.56677659735647
10:32:27.309280,6,-1.3781768881140426,2.318167941847638,2.3439885508598652,1.1830000315967482,5.879999868571758,3.5731717658270994,120.7319589794047,40.9952611596831
10:32:27.309280,7,-1.5157116888046331,2.6474639898888634,2.5395900391836626,0.20888000557897612,8.119999818503857,3.969378423438376,119.79176571489191,39.776564365623294
10:32:27.309280,8,-1.4386460389194764,2.8010679915859003,2.278959124328213,-0.06972000186215155,6.6399998515844345,3.887073321812258,117.1853157748673,35.89430063244725
10:32:27.364019,1,-1.5565385698858203,2.399156354078869,2.5297258939659786,0.13916000371682458,12.999999709427357,3.8181509437764736,122.97493451650296,41.49484153849627
10:32:27.364019,2,-1.4797296633545696,2.3759849537809856,2.5104350637654242,0.13916000371682458,5.759999871253967,3.7599452903716526,121.9140636711166,41.88815103165707
10:32:27.364019,3,-1.545518540400296,2.4816213993141703,2.533129039889254,0.20888000557897612,22.519999496638775,3.868309069992383,121.9140636711166,40.90762736933212
10:32:27.364019,4,-1.484888629929652,2.59362595523328,2.528617097779992,0.20888000557897612,26.239999413490295,3.9148044990956334,119.79176571489191,40.23404820925753
10:32:27.364019,5,-1.4657476400471499,2.6988502225552304,2.406689369953622,-0.06972000186215155,21.7599995136261,3.901840897773507,118.50641916649359,38.08346074634968
10:32:27.364019,6,-1.4700715252242906,2.7682745868114633,2.411154514228265,-0.06972000186215155,12.359999723732471,3.954506362208157,117.97020263424987,37.569495612077176
10:32:27.364019,7,-1.4674303368907398,2.8571115030031584,2.284540512897215,-0.06972000186215155,5.879999868571758,3.9415178915347964,117.1853157748673,35.4230691227249
10:32:27.419282,1,-1.5565385698858203,2.399156354078869,2.5297258939659786,-0.06972000186215155,10.119999773800373,3.8181509437764736,122.97493451650296,41.49484153849627
10:32:27.419282,2,-1.590387998988546,2.4513298591142787,2.54124563362331,0.3480400092958007,13.239999704062939,3.8725032518929607,122.97493451650296,41.0128403005662
10:32:27.419282,3,-1.4113616699266816,2.657718741312073,2.3947343458071284,0.06972000186215155,19.519999563694,3.8457981301997584,117.97020263424987,38.51273135444042
10:32:27.419282,4,-1.3885014345612374,2.7590743079691413,2.239118466558879,-0.06972000186215155,29.35999934375286,3.81498083585737,116.71378154158661,35.939300234570894
10:32:27.419282,5,-1.406912234436845,2.828580503524635,2.1150339580470727,-0.06972000186215155,19.119999572634697,3.801794095426529,116.44536707284425,33.80204162342367
10:32:27.419282,6,-1.4350616053591478,2.8851744827568795,2.117335546926939,-0.06972000186215155,7.1199998408555984,3.8557416180817667,116.44536707284425,33.30791947306552
10:32:27.419282,7,0.13906895096742367,0.08216427169101692,1.8052748978307267,0.13916000371682458,4.999999888241291,1.8124868544084494,30.575307092349547,84.88705806670768
10:32:27.474176,1,-1.6133987861697119,2.3286430341386004,2.658588665208517,-0.06972000186215155,9.999999776482582,3.88506469887328,124.71612723130681,43.18136752617598
10:32:27.474176,2,-1.6564938965696632,2.4042826254030367,2.5538519019023553,-0.13916000371682458,11.879999734461308,3.8790084440534214,124.56592336497246,41.1762491942681
10:32:27.474176,3,-1.627199628632553,2.525553403132196,2.4301479414398126,0.27832000743364915,12.879999712109566,3.864171015985019,122.79345204184868,38.968456006878625
10:32:27.474176,4,-1.564613721244869,2.6403003309664905,2.4223777661217545,0.27832000743364915,13.519999697804451,3.909874163730912,120.65052827649112,38.28356481894868
10:32:27.474176,5,-1.5965574971870051,2.6942057525073655,2.4310011985643634,0.27832000743364915,9.119999796152115,3.9645311584207765,120.65052827649112,37.82034310000583
10:32:27.474176,6,-0.14469193583305218,0.013348796009350093,1.7928887752184504,-4.313960115221562,4.999999888241291,1.798767385448805,174.72900278575662,85.36653582353256
10:32:27.529026,1,-1.5973737980049176,2.2500272887536243,2.9193188798826126,-0.13916000371682458,5.239999882876873,4.017044756176824,125.37228714313724,46.613202343805526
10:32:27.529026,2,-1.554794173431145,2.4382034842183664,2.684892509258424,0.6263600167294499,6.7599998489022255,3.9459940368001085,122.52485267792646,42.87566457758892
10:32:27.529026,3,-1.5784129789231591,2.534439622080763,2.544476027951169,0.6263600167294499,12.519999720156193,3.9228981616687575,121.9140636711166,40.43774814388918
10:32:27.529026,4,-1.5948465211327598,2.6262518340537766,2.3960691731041286,0.6263600167294499,14.6399996727705,3.8963934098265787,121.26909504169379,37.94795248799299
10:32:27.529026,5,-1.6444940933315808,2.681881033900094,2.310895173388447,-0.06972000186215155,8.239999815821648,3.903470661524884,121.51607676603192,36.299801457872114
10:32:27.585086,1,-1.5878860322582737,2.490097610701688,2.6994695938754325,-0.06972000186215155,20.999999530613422,4.001137869471779,122.52485267792646,42.428954068143916
10:32:27.585086,2,-1.5329381929363726,2.453116210344678,2.6808966563359324,-0.06972000186215155,23.35999947786331,3.9439682461668033,122.00102558569772,42.823798109365605
10:32:27.585086,3,-1.605702087526931,2.560653590523361,2.6799844903929455,-0.13916000371682458,15.75999964773655,4.039497849150964,122.09047912297622,41.56313730321256
10:32:27.585086,4,-1.4381594981565011,2.334148766705797,2.7608515783477876,-0.06972000186215155,7.639999829232693,3.890868109422038,121.63883184149839,45.20011344019661
10:32:27.585086,5,-1.4787706784044266,2.4152926667542345,2.662549370395742,-0.06972000186215155,19.759999558329582,3.8871031032351366,121.47718557663677,43.233255103049636
10:32:27.585086,6,-1.419463190862851,3.347143979601599,1.519921600504305,-0.06972000186215155,6.359999857842922,3.9406103895307063,112.98092203689568,22.687647981444723
10:32:27.585086,7,-1.408062859880768,2.3358707762031345,-0.544765821020933,-0.13916000371682458,7.1199998408555984,2.7813131970794034,121.0815719352847,-11.295341081280021
10:32:27.585086,8,-1.4319379288138043,2.37547772656701,-0.5879147891007062,-0.13916000371682458,5.119999885559082,2.8353102935366468,121.0815719352847,-11.967373181647575
10:32:27.638704,1,-1.598037530044427,2.4077484540413714,2.6930529099998153,-0.13916000371682458,18.879999577999115,3.950127914565246,123.57247545698611,42.98160089657063
10:32:27.638704,2,-1.6320497698947876,2.458994383112833,2.7078036785898676,-0.13916000371682458,14.879999667406082,4.00530156035459,123.57247545698611,42.53612160994372
10:32:27.638704,3,-1.6738914913611407,2.5131323653765776,2.692717764294364,-0.13916000371682458,10.239999771118164,4.045797321777369,123.665910460829,41.72524257225424
10:32:27.638704,4,-1.5406596221856852,2.3463739736255267,2.7617546573908687,-0.13916000371682458,15.75999964773655,3.937815597912215,123.28942258472517,44.534755727736616
10:32:27.638704,5,-1.4790229653473785,2.3059700092225244,2.768402053659143,-0.13916000371682458,4.999999888241291,3.894747301964897,122.6756512619397,45.30037061498433
10:32:27.693824,1,-1.584953230369312,2.3412940001747233,2.6823772533467016,-0.06972000186215155,14.239999681711197,3.897291632272862,124.09627504112345,43.493083656744
10:32:27.693824,2,-1.598037530044427,2.4077484540413714,2.6930529099998153,-0.06972000186215155,19.759999558329582,3.950127914565246,123.57247545698611,42.98160089657063
10:32:27.693824,3,-1.5954768743296928,2.493277974043937,2.670256937782785,-0.06972000186215155,17.519999608397484,3.986508952222556,122.61563958473296,42.05343536699579
10:32:27.693824,4,-1.605702087526931,2.560653590523361,2.6799844903929455,-0.06972000186215155,11.639999739825726,4.039497849150964,122.09047912297622,41.56313730321256
10:32:27.693824,5,0.1414421570729005,0.1811871638555982,1.894291277857225,-3.9662001059332397,4.999999888241291,1.908186080420206,52.0229364208516,83.0814139972796
10:32:27.749242,1,-1.4790229653473785,2.3059700092225244,2.768402053659143,-0.06972000186215155,14.51999967545271,3.894747301964897,122.6756512619397,45.30037061498433
10:32:27.749242,2,-1.511901693950567,2.357231797495374,2.7854836562929854,-0.06972000186215155,22.519999496638775,3.9498490703784115,122.6756512619397,44.846728865078795
10:32:27.749242,3,-1.523516467939374,2.4233124449739414,2.7985945575699054,-0.06972000186215155,19.119999572634697,4.003208354770951,122.15723513084954,44.35387253175602
10:32:27.749242,4,-1.565564874421432,2.505327735642668,2.695388694196872,-0.06972000186215155,12.879999712109566,3.9990974796579954,122.00102558569772,42.37648420834877
10:32:27.749242,5,-1.563757285371728,2.6177176128671293,2.547560556884388,0.06972000186215155,6.6399998515844345,3.973392396839385,120.85301055845325,39.87800185999566
10:32:27.803849,1,-1.4787076482435884,2.647276454358522,2.1287514669599217,0.06972000186215155,5.239999882876873,3.7048929462076408,119.18671965109758,35.070112743525925
10:32:27.803849,2,-1.446148100896536,2.739754007487528,1.9970741748427554,0.06972000186215155,6.6399998515844345,3.6859058060529026,117.82682491333499,32.807189192743465
10:32:27.858814,1,-1.5008524293445575,2.532702552792017,2.4051649859497495,0.06972000186215155,7.759999826550484,3.801573206611615,120.65052827649112,39.24784672835895
10:32:27.858814,2,-1.5107398696141756,2.619746292791823,2.256554638977908,0.06972000186215155,18.759999580681324,3.773253825404683,119.97093581989847,36.72961219430312
10:32:27.858814,3,-1.5735836615544687,2.7287225595018625,2.267226804767351,0.06972000186215155,8.119999818503857,3.881032044559944,119.97093581989847,35.74518200604177
10:32:27.858814,4,-1.5168705763893273,2.688900342843861,2.2579215238438874,0.06972000186215155,17.11999961733818,3.8248256178679605,119.4283454176362,36.18065622972733
10:32:27.913498,1,-1.40727406173651,2.5672124352744237,2.510194990924361,0.06972000186215155,14.51999967545271,3.8564334384409857,118.7303211230155,40.61032351451117
10:32:27.913498,2,-1.4372261385952074,2.62185235671166,2.5210538562986238,-0.06972000186215155,10.519999764859676,3.910938672520184,118.7303211230155,40.13689465359482
10:32:27.913498,3,-1.4657476400471499,2.6988502225552304,2.406689369953622,-0.06972000186215155,6.5199998542666435,3.901840897773507,118.50641916649359,38.08346074634968
10:32:27.913498,4,-1.3542762929972736,2.5257652301000206,2.4958011478814988,0.06972000186215155,11.879999734461308,3.800339148697555,118.1995218045445,41.05104658922105
10:32:27.968768,1,-1.940374542306665,2.011700277315513,3.182892431642173,-0.06972000186215155,9.519999787211418,4.235893719345203,133.96605703093704,48.7126548985874
10:32:27.968768,2,-1.71868967123715,2.2135877943687015,2.988652513289157,0.06972000186215155,16.99999962002039,4.097061014261925,127.8267352471592,46.84135536996685
10:32:27.968768,3,-1.5936147329646804,2.297229827946299,2.801561135577937,0.06972000186215155,13.879999689757824,3.957981505251005,124.74948973860867,45.05828471660726
10:32:27.968768,4,-1.3906517665764544,2.8388892227814773,2.017267215313904,0.06972000186215155,8.639999806880951,3.7500095163995715,116.09827936439265,32.54328164465165
10:32:27.968768,5,-1.1928712825363081,2.8450915906898593,1.716950789420798,0.06972000186215155,7.519999831914902,3.5306384790015914,112.74700897603122,29.097704118698434
10:32:28.024475,1,-1.5589590231967532,2.2472728787912004,2.7841299023562405,-0.06972000186215155,7.879999823868275,3.9028153864807944,124.74948973860867,45.50932292018708
10:32:28.024475,2,-1.5612749105737127,2.3313926557326132,2.765768889421828,0.06972000186215155,22.239999502897263,3.939853881971332,123.80922346962078,44.587511037293034
10:32:28.024475,3,-1.5868427906083058,2.3782434207008363,2.8106707662275427,-0.06972000186215155,28.239999368786812,4.009237080335671,123.7125309798878,44.511208492816465
10:32:28.024475,4,-1.6206167643631557,2.4288613718607004,2.8279248844958667,0.06972000186215155,21.99999950826168,4.064840146057764,123.7125309798878,44.08333044994037
10:32:28.024475,5,-1.5658899004200995,2.3934700768977546,2.806590795996152,0.06972000186215155,28.11999937146902,4.0072012783753355,123.19408244546862,44.458043573061985
10:32:28.024475,6,-1.5315664131733493,2.4273996900575248,2.77028174597109,0.06972000186215155,26.75999940186739,3.9890382155743604,122.24985259496052,43.9852850806657
10:32:28.024475,7,-1.5100369488720429,2.4420896283491698,2.766345588868981,0.06972000186215155,24.35999945551157,3.987064240378407,121.7300791321448,43.9340726079745
10:32:28.024475,8,-1.5671743029645315,2.6591097644998323,2.265903885253226,-0.13916000371682458,13.759999692440033,3.828997316888115,120.51341844839897,36.28305041645309
10:32:28.024475,9,-1.5402189631005088,2.7573979213643742,2.1341072734520763,-0.13916000371682458,6.8799998462200165,3.8118147391550963,119.1867196510976,34.046563959216336
10:32:28.024475,10,0.12669259783247458,0.0423007689140476,1.785131117459349,-3.618160096637439,5.239999882876873,1.790121078563661,18.46339589749507,85.7209639848277
10:32:28.078697,1,-1.5402189631005088,2.6287323491454737,0.843204775895774,-0.06972000186215155,12.639999717473984,3.1612501501513175,120.36676246318358,15.4698601227539
10:32:28.078697,2,-1.4793859960371598,2.5838013603932413,0.85614982128285,-0.06972000186215155,16.8799996227026,3.098000147147104,119.79380468085937,16.04281790507812
10:32:28.078697,3,-1.3770945272294597,2.461916701319002,0.9348132007356103,-0.06972000186215155,7.879999823868275,2.9717501411505514,119.22084689853514,18.334649034374994
10:32:28.078697,4,-1.410994547487297,2.522521855429759,0.9258529855542774,-0.06972000186215155,14.999999664723873,3.035000144154765,119.22084689853514,17.76169125205077
10:32:28.133789,1,-1.6807028648749298,2.246424498642075,2.979853944897007,-0.06972000186215155,5.639999873936176,4.092763697187555,126.80265942364244,46.72556300159317
10:32:28.133789,2,-1.5936147329646804,2.297229827946299,2.801561135577937,-0.06972000186215155,7.35999983549118,3.957981505251005,124.74948973860867,45.05828471660726
10:32:28.133789,3,-1.5402189631005088,2.7573979213643742,2.1341072734520763,-0.06972000186215155,9.119999796152115,3.8118147391550963,119.1867196510976,34.046563959216336
10:32:28.133789,4,-1.4835659946874915,2.7166832042066313,2.1275508491229456,-0.06972000186215155,9.63999978452921,3.7560362495874906,118.63871498480131,34.50200816340906
10:32:28.189107,1,-1.5680316706211033,2.4665839815368953,2.5371583038389245,-0.06972000186215155,7.879999823868275,3.8703917265289856,122.44452122851739,40.9598577288048
10:32:28.189107,2,-1.5566329182392096,2.571687053430672,2.4177864670984364,0.06972000186215155,10.239999771118164,3.8577677150669905,121.18636864807064,38.809424700981694
10:32:28.189107,3,-1.6115912063712892,2.628222204198495,2.3046748112795283,-0.27832000743364915,9.359999790787697,3.849195260939823,121.51607676603192,36.779851991069535
10:32:28.189107,4,-1.599170356761338,2.713399206915783,2.2713326847181285,-0.27832000743364915,5.759999871253967,3.8831473382688233,120.51341844839897,35.7973775755296
10:32:28.189107,5,-1.4785682858537486,3.33994804202866,1.672422924067404,-0.4872000130126253,6.9999998435378075,4.0172646833796914,113.8785889897964,24.60176939028953
10:32:28.189107,6,-1.4363163659396592,3.425727213095819,1.65918517825595,0.06972000186215155,7.1199998408555984,4.068354347565559,112.74700897603124,24.068409872378318
10:32:28.243733,1,-0.1556664901554276,0.17970030207026985,2.086514457514758,-3.0615200817701407,5.639999873936176,2.1000159133062684,130.90094821623302,83.49945764119343
10:32:28.243733,2,-1.5370827532390834,2.6738464074874857,2.2924498428529296,-0.20888000557897612,7.759999826550484,3.842838050599478,119.89279920489678,36.623296378302676
10:32:28.243733,3,-1.5684644459900103,2.72843671906708,2.2984206151448756,-0.20888000557897612,6.8799998462200165,3.897073898761894,119.89279920489678,36.1414774679794
10:32:28.243733,4,-1.4946866997678805,3.2614423177613774,1.2399805808320306,-0.41748001115047373,5.519999876618385,3.795872253302032,114.62151731021076,19.066510545754237
10:32:28.243733,5,-1.4832710368504334,3.3639535447492785,1.3687393847695017,-0.06972000186215155,6.5199998542666435,3.9229738621879435,113.79416429075049,20.420264091029665
10:32:28.243733,6,-1.4951449979558908,3.4695381231530864,1.6572314715255625,-0.06972000186215155,5.239999882876873,4.12547809388681,113.31289558855426,23.68490506388991
10:32:28.299343,1,-1.6546501676696068,2.2970750537102904,2.6670472800709644,-0.06972000186215155,4.999999888241291,3.889416688127041,125.7663063324899,43.292185936304804
10:32:28.299343,2,-1.6782008215269535,2.3881771527955333,2.5581673502812574,-0.06972000186215155,9.63999978452921,3.8812328328191485,125.09617464700064,41.23218820872662
10:32:28.299343,3,-1.6503995485695535,2.509723683104051,2.434389502137765,-0.06972000186215155,12.519999720156193,3.8663657203594313,123.32900356866185,39.023014020045515
10:32:28.299343,4,-1.4402837259030132,2.731749431309469,2.246440145193118,-0.4872000130126253,14.119999684393406,3.8188172897503163,117.7999284462361,36.03330828154968
10:32:28.299343,5,-1.2823182687051022,2.8805981469617463,2.2265318637574727,-0.5566400148672983,15.239999659359455,3.860003881715875,113.99656946122424,35.227268194869716
10:32:28.299343,6,-1.248077147513349,2.962086645797869,2.2564125081600306,-0.5566400148672983,12.11999972909689,3.927219279635423,112.84815673487338,35.06863557877069
10:32:28.299343,7,-1.1903831520944508,3.056830601864868,2.219261743221611,-0.4872000130126253,5.639999873936176,3.960599457432533,111.27680633827546,34.0789552251956
10:32:28.354948,1,-1.7423060857686796,2.3386140972071527,2.5714477310005828,-0.27832000743364915,16.519999630749226,3.8880701929659978,126.68671857900767,41.404337460893444
10:32:28.354948,2,-1.70523214793293,2.3932506178943784,2.4425310192885292,-0.27832000743364915,18.759999580681324,3.8211808356295363,125.47052452751035,39.73281973604873
10:32:28.354948,3,-1.6424824057915854,2.3373477745119233,2.5462874529462565,-0.27832000743364915,9.119999796152115,3.826816283202303,125.09617464700064,41.71149327503543
10:32:28.354948,4,-1.6831755824759667,2.4096155065868885,2.438146060579146,-0.27832000743364915,20.51999954134226,3.818885065532204,124.93524450295848,39.67592527359332
10:32:28.354948,5,-1.6609507008709214,2.4257665305352565,2.433818406755245,-0.27832000743364915,21.7599995136261,3.816617943736221,124.39989856986601,39.61977004823282
10:32:28.354948,6,-1.616004895703977,2.4574205453919156,2.4253367390372005,-0.27832000743364915,21.87999951094389,3.8121707539900576,123.32900356866185,39.50969975272052
10:32:28.354948,7,-1.6332429927705412,2.526540174336862,2.400422213478759,-0.27832000743364915,24.23999945819378,3.848754958286443,122.88002561080712,38.58595349004037
10:32:28.354948,8,-1.5948465211327598,2.6262518340537766,2.3960691731041286,-0.27832000743364915,19.63999956101179,3.8963934098265787,121.26909504169379,37.94795248799299
10:32:28.354948,9,-1.3183447807733704,2.850798289519872,2.3583554985066075,-0.5566400148672983,14.879999667406082,3.9277123756530545,114.81806726522981,36.90141463327068
10:32:28.354948,10,-1.2305392493587712,2.95562197907583,2.3840222783790965,-0.5566400148672983,7.759999826550484,3.99167763618462,112.60384242417264,36.673067580805004
10:32:28.408969,1,-1.5361810963567377,2.465606418495661,2.1424980065350883,-0.41748001115047373,11.519999742507935,3.6096211823039845,121.92471913294561,36.4094788115519
10:32:28.408969,2,-1.4970213026437307,2.5636600727612424,2.1336905089713154,-0.41748001115047373,21.359999522566795,3.655962381824187,120.28232548347152,35.70551550542842
10:32:28.408969,3,-1.4361487959232797,2.6624466324494556,2.2451131174501104,-0.27832000743364915,20.239999547600746,3.767184405470468,118.34284154704403,36.58151339269528
10:32:28.408969,4,-1.3176624247845978,2.7569955797935544,2.510241138123004,-0.3480400092958007,15.119999662041664,3.9545631192605204,115.54472976917108,39.40298614019951
10:32:28.408969,5,-1.2926455481759427,2.8387578379724907,2.5138325952704834,-0.3480400092958007,12.359999723732471,4.006099461185864,114.48243390401281,38.866012181576735
