eps,min_samples,valid_frame_rate,mean_noise_ratio,mean_silhouette,std_silhouette,mean_db_index,mean_largest_ratio,n_frames_evaluated,n_valid_frames
0.2,2,1.0,0.0162155754492778,0.6519846762811318,0.13670402796623773,0.6125317964831756,0.842184084077423,500,500
0.2,3,1.0,0.02842408618024605,0.6514965859067176,0.13332707475448188,0.7037345073498569,0.842184084077423,500,500
0.2,4,0.996,0.047012936890194666,0.6423121583176735,0.13045198590965312,0.698850383421912,0.8429688087999327,500,498
0.2,5,0.99,0.057834981917852704,0.6338366276423516,0.13863781669748818,0.7475395921277957,0.8429267396671445,500,495
0.2,6,0.986,0.06583679446029012,0.6252275481389579,0.12982732250391127,0.7898845135967694,0.8431784656584642,500,493
0.2,7,0.98,0.0730941510312305,0.6208520206282464,0.12630836211749924,0.811356307664315,0.8430642331573457,500,490
0.2,8,0.974,0.08300306752943831,0.6181584731261892,0.126539567805849,0.8554029341431498,0.8427685832015281,500,487
0.2,9,0.974,0.08681650246066937,0.6150312035025183,0.12390017063407247,0.8476879669550765,0.8417871443820769,500,487
0.3,2,1.0,0.011288731742861128,0.7095237000870728,0.1346704158502748,0.501944499823361,0.8878163374036396,500,500
0.3,3,1.0,0.019996464746694094,0.7115407030976195,0.13450806494535056,0.5937682127468566,0.8878163374036396,500,500
0.3,4,1.0,0.032077597195888166,0.7041323775106827,0.12994486629460153,0.5879627268238203,0.8869098797828713,500,500
0.3,5,0.998,0.03949743922707901,0.6993043230182547,0.12429721190223247,0.6172828358950712,0.8866801758299343,500,499
0.3,6,0.998,0.044745518365377615,0.6911985652187927,0.12397206930226827,0.6339776329805783,0.8847995078881117,500,499
0.3,7,0.986,0.05515941725925369,0.6818390596297765,0.13013083561992578,0.7244586557230241,0.8877799013737144,500,493
0.3,8,0.982,0.0611854241150276,0.6786658558548555,0.12803579737252493,0.7319799895594673,0.8884670967012627,500,491
0.3,9,0.976,0.06765350893235335,0.6779519083416634,0.12661302092487908,0.7038832362410479,0.889152916212461,500,488
0.4,2,1.0,0.008664393030876322,0.7656074826584355,0.12516142476563052,0.48070298579486104,0.9267161145087685,500,500
0.4,3,1.0,0.01557213043234461,0.7761248446737281,0.11369639235025258,0.5936001345194013,0.9267161145087685,500,500
0.4,4,1.0,0.023960927564657602,0.7676673441695816,0.1158821950846291,0.5426081801614078,0.9263494478421016,500,500
0.4,5,0.998,0.03105150584579573,0.7657651105255256,0.11331915829753786,0.4736048369067981,0.9268896789970911,500,499
0.4,6,0.998,0.0340826382181665,0.7624944851323396,0.11154660757442517,0.49679842554020875,0.9261493201329926,500,499
0.4,7,0.994,0.03911598152173795,0.7590742537745079,0.11746287331005494,0.5332691857796579,0.92718029927842,500,497
0.4,8,0.988,0.046740762945262464,0.7556411318589481,0.11512117449442295,0.5543395145523949,0.9277566570289404,500,494
0.4,9,0.982,0.0526113731710892,0.7513308117576445,0.11847197106885615,0.5305979906203437,0.9278739059801445,500,491
0.5,2,1.0,0.007643008975357058,0.8101880720232261,0.1022524311117363,0.3628305113098346,0.943940061295297,500,500
0.5,3,1.0,0.013738950934294973,0.8167098623334663,0.09131977459963578,0.46044068591881443,0.943940061295297,500,500
0.5,4,1.0,0.019778351679832742,0.8098216969729836,0.08843122522635176,0.48486002398072975,0.943940061295297,500,500
0.5,5,1.0,0.024439964103724957,0.8069067676912947,0.08827849772000815,0.4535185223282977,0.9435570662511255,500,500
0.5,6,0.998,0.02865455600022475,0.8040749854390183,0.08932031856289262,0.46884754647833554,0.9437429725258475,500,499
0.5,7,0.996,0.03195215201918657,0.8042834322762378,0.09754819384155416,0.5191705034184312,0.9444949381950479,500,498
0.5,8,0.996,0.03410311998959827,0.8048628039534158,0.09602587272273964,0.5401411795037542,0.9444949381950479,500,498
0.5,9,0.994,0.03734800779100781,0.8010043416778342,0.10346979565130335,0.508534260956079,0.9441573968947825,500,497
0.6,2,1.0,0.007001212126690604,0.8361398811825349,0.09014753028949957,0.29529879281295995,0.9514642227017189,500,500
0.6,3,1.0,0.012697021399440624,0.8417730488972022,0.07581526042948804,0.36181303051861435,0.9514642227017189,500,500
0.6,4,1.0,0.017896976700006093,0.8303458786444938,0.0810268177677297,0.3682648850701519,0.9514166036540999,500,500
0.6,5,1.0,0.02152691178163273,0.822984504097971,0.08097509656346465,0.39370384983160556,0.9511246798915879,500,500
0.6,6,1.0,0.02453422818681473,0.8205385908870237,0.08332281887452057,0.4248458126349955,0.9503601054423056,500,500
0.6,7,1.0,0.02560023447163996,0.8207273178083808,0.0886213048240847,0.4985513848728366,0.9501438892260895,500,500
0.6,8,0.998,0.028373620160818055,0.8209492345541686,0.08543783993819123,0.5076890235621033,0.9507727073680986,500,499
0.6,9,0.994,0.033181946697405464,0.824319290903569,0.07718875712344621,0.45162041767853955,0.9510212287196194,500,497
0.7,2,1.0,0.0067427912646069515,0.8516689395197479,0.07684735854190494,0.28216362892971725,0.955335954083685,500,500
0.7,3,1.0,0.011610848291013108,0.8489027370735021,0.0741755572891852,0.35972949917908625,0.955335954083685,500,500
0.7,4,1.0,0.016452339238095248,0.8427384160585477,0.07511822300483674,0.35556490535123864,0.9553163462405477,500,500
0.7,5,1.0,0.01951077216458802,0.8363042067733727,0.07522051550948239,0.379488583102335,0.9551163462405478,500,500
0.7,6,1.0,0.021227198331014187,0.8349020844372764,0.0730291707068077,0.38078517470507894,0.9551163462405478,500,500
0.7,7,1.0,0.022368064296203683,0.8363034963979342,0.07849275769017465,0.456961158135247,0.9548252703439674,500,500
0.7,8,1.0,0.023440156931503336,0.8307466731565842,0.07974526656933305,0.4597629572256027,0.9546962380859028,500,500
0.7,9,0.998,0.025953654746088104,0.8371681142190004,0.0635483538471444,0.38700577666382824,0.9548810000860749,500,499
0.8,2,1.0,0.006502103268956648,0.8562750434870314,0.07040217557065126,0.2819762066191232,0.957293105160418,500,500
0.8,3,1.0,0.010983775901179597,0.852479165779358,0.06846157726886999,0.345109910134158,0.957293105160418,500,500
0.8,4,1.0,0.015779347744186,0.8468768166227357,0.06915933829311083,0.33073271739471244,0.9572613591286719,500,500
0.8,5,1.0,0.01843809074819815,0.8375175354456901,0.07489405848385294,0.35021088538742823,0.9572613591286719,500,500
0.8,6,1.0,0.020467075054159203,0.8354038464279414,0.07374274330489185,0.35390960096763535,0.957181359128672,500,500
0.8,7,1.0,0.02134861115451425,0.836448404753052,0.07969464357226333,0.4351426449205377,0.9571496130969259,500,500
0.8,8,1.0,0.02231127937488664,0.8307758329112164,0.0810727455526125,0.43597997299302177,0.9571300052537886,500,500
0.8,9,0.998,0.024746836013000824,0.83735999698179,0.06487214179566769,0.35962013909975943,0.9573977419140874,500,499
0.9,2,1.0,0.006274451087358683,0.8601155477440859,0.0663593059431808,0.2692828578016362,0.9588097701360109,500,500
0.9,3,1.0,0.010463666077328885,0.8563573370954796,0.06309682040712877,0.33497255614894406,0.9588097701360109,500,500
0.9,4,1.0,0.015078222826525396,0.8520179981313437,0.06182842231797215,0.31139729523674564,0.9588097701360109,500,500
0.9,5,1.0,0.017659343918384765,0.8418164398689735,0.06927581497342031,0.341419554615991,0.9587949553211961,500,500
0.9,6,1.0,0.019693951902992744,0.8401094911397219,0.06800818041701692,0.34181945988095236,0.9587798038060446,500,500
0.9,7,1.0,0.020369828928123505,0.8435536398821116,0.06701899445915165,0.33706874606790754,0.9587798038060446,500,500
0.9,8,1.0,0.021379211441448213,0.8361603558150301,0.06661825995938113,0.339857698054002,0.9587798038060446,500,500
0.9,9,0.998,0.023832121494358267,0.8404630234329303,0.06363917524667907,0.3415557159377027,0.9590979998056559,500,499
